id,console-name,product-name,loose-price
11462791,Pokemon Japanese Start Deck 100 Battle Collection,Absol #454,$1.50
11518956,Pokemon Japanese Start Deck 100 Battle Collection,Absol [Mirror Holo] #454,
11463061,Pokemon Japanese Start Deck 100 Battle Collection,Acerola's Mischief #697,
11518957,Pokemon Japanese Start Deck 100 Battle Collection,Acerola's Mischief [Mirror Holo] #697,
11463042,Pokemon Japanese Start Deck 100 Battle Collection,Air Balloon #688,$2.85
11518958,Pokemon Japanese Start Deck 100 Battle Collection,Air Balloon [Mirror Holo] #688,
11462874,Pokemon Japanese Start Deck 100 Battle Collection,Alolan  exeggutor ex #537,
11519616,Pokemon Japanese Start Deck 100 Battle Collection,Alolan  exeggutor ex [Mirror Holo] #537,$5.00
11462568,Pokemon Japanese Start Deck 100 Battle Collection,Alolan Geodude #228,
11518959,Pokemon Japanese Start Deck 100 Battle Collection,Alolan Geodude [Mirror Holo] #228,
11462570,Pokemon Japanese Start Deck 100 Battle Collection,Alolan Golem #230,$2.66
11518960,Pokemon Japanese Start Deck 100 Battle Collection,Alolan Golem [Mirror Holo] #230,
11462569,Pokemon Japanese Start Deck 100 Battle Collection,Alolan Graveler #229,$1.50
11518961,Pokemon Japanese Start Deck 100 Battle Collection,Alolan Graveler [Mirror Holo] #229,
11462493,Pokemon Japanese Start Deck 100 Battle Collection,Amoonguss #49,
11518963,Pokemon Japanese Start Deck 100 Battle Collection,Amoonguss [Mirror Holo] #49,
11462993,Pokemon Japanese Start Deck 100 Battle Collection,Antique Plume Fossil #657,$1.93
11518964,Pokemon Japanese Start Deck 100 Battle Collection,Antique Plume Fossil [Mirror Holo] #657,$27.50
11462503,Pokemon Japanese Start Deck 100 Battle Collection,Applin #62,$1.50
11518965,Pokemon Japanese Start Deck 100 Battle Collection,Applin [Mirror Holo] #62,
11462768,Pokemon Japanese Start Deck 100 Battle Collection,Arbok #431,$1.81
11518966,Pokemon Japanese Start Deck 100 Battle Collection,Arbok [Mirror Holo] #431,
11462512,Pokemon Japanese Start Deck 100 Battle Collection,Arboliva ex #71,$1.77
11519619,Pokemon Japanese Start Deck 100 Battle Collection,Arboliva ex [Mirror Holo] #71,
11462861,Pokemon Japanese Start Deck 100 Battle Collection,Archaludon #525,$1.49
11518967,Pokemon Japanese Start Deck 100 Battle Collection,Archaludon [Mirror Holo] #525,
11462863,Pokemon Japanese Start Deck 100 Battle Collection,Archaludon ex #526,$2.20
11519617,Pokemon Japanese Start Deck 100 Battle Collection,Archaludon ex [Mirror Holo] #526,$3.00
11462731,Pokemon Japanese Start Deck 100 Battle Collection,Archen #392,$1.93
11518969,Pokemon Japanese Start Deck 100 Battle Collection,Archen [Mirror Holo] #392,
11462732,Pokemon Japanese Start Deck 100 Battle Collection,Archeops #393,$1.93
11518968,Pokemon Japanese Start Deck 100 Battle Collection,Archeops [Mirror Holo] #393,
11462392,Pokemon Japanese Start Deck 100 Battle Collection,Armarouge ex #146,$1.98
11519736,Pokemon Japanese Start Deck 100 Battle Collection,Armarouge ex [Mirror Holo] #146,$3.00
11462416,Pokemon Japanese Start Deck 100 Battle Collection,Articuno #163,$3.00
11518970,Pokemon Japanese Start Deck 100 Battle Collection,Articuno [Mirror Holo] #163,
11462821,Pokemon Japanese Start Deck 100 Battle Collection,Arven's Mabosstiff ex #484,
11519618,Pokemon Japanese Start Deck 100 Battle Collection,Arven's Mabosstiff ex [Mirror Holo] #484,$5.00
11462820,Pokemon Japanese Start Deck 100 Battle Collection,Arven's Maschiff #483,$1.49
11518971,Pokemon Japanese Start Deck 100 Battle Collection,Arven's Maschiff [Mirror Holo] #483,
11462995,Pokemon Japanese Start Deck 100 Battle Collection,Arven's Sandwich #659,$1.40
11518972,Pokemon Japanese Start Deck 100 Battle Collection,Arven's Sandwich [Mirror Holo] #659,
11462756,Pokemon Japanese Start Deck 100 Battle Collection,Arven's Toedscool #419,$1.64
11518973,Pokemon Japanese Start Deck 100 Battle Collection,Arven's Toedscool [Mirror Holo] #419,
11462759,Pokemon Japanese Start Deck 100 Battle Collection,Arven's Toedscruel #420,$0.25
11518974,Pokemon Japanese Start Deck 100 Battle Collection,Arven's Toedscruel [Mirror Holo] #420,
11462937,Pokemon Japanese Start Deck 100 Battle Collection,Audino #601,$1.25
11518975,Pokemon Japanese Start Deck 100 Battle Collection,Audino [Mirror Holo] #601,
11462978,Pokemon Japanese Start Deck 100 Battle Collection,Awakening Drum #642,$1.00
11518976,Pokemon Japanese Start Deck 100 Battle Collection,Awakening Drum [Mirror Holo] #642,
11462878,Pokemon Japanese Start Deck 100 Battle Collection,Axew #541,
11518978,Pokemon Japanese Start Deck 100 Battle Collection,Axew [Mirror Holo] #541,
11462631,Pokemon Japanese Start Deck 100 Battle Collection,Azelf #316,$1.45
11518979,Pokemon Japanese Start Deck 100 Battle Collection,Azelf [Mirror Holo] #316,
11462664,Pokemon Japanese Start Deck 100 Battle Collection,Azumarill #296,$1.50
11518980,Pokemon Japanese Start Deck 100 Battle Collection,Azumarill [Mirror Holo] #296,
11462665,Pokemon Japanese Start Deck 100 Battle Collection,Azumarill ex #297,$4.50
11519620,Pokemon Japanese Start Deck 100 Battle Collection,Azumarill ex [Mirror Holo] #297,$7.00
11463053,Pokemon Japanese Start Deck 100 Battle Collection,Babiri Berry #693,
11518981,Pokemon Japanese Start Deck 100 Battle Collection,Babiri Berry [Mirror Holo] #693,
11462875,Pokemon Japanese Start Deck 100 Battle Collection,Bagon #538,
11518982,Pokemon Japanese Start Deck 100 Battle Collection,Bagon [Mirror Holo] #538,
11463085,Pokemon Japanese Start Deck 100 Battle Collection,Banette #749,$33.66
11518983,Pokemon Japanese Start Deck 100 Battle Collection,Banette [Mirror Holo] #749,
11462435,Pokemon Japanese Start Deck 100 Battle Collection,Bayleef #17,$5.24
11518984,Pokemon Japanese Start Deck 100 Battle Collection,Bayleef [Mirror Holo] #17,
11462660,Pokemon Japanese Start Deck 100 Battle Collection,Beheeyem #327,$1.50
11518985,Pokemon Japanese Start Deck 100 Battle Collection,Beheeyem [Mirror Holo] #327,
11462832,Pokemon Japanese Start Deck 100 Battle Collection,Beldum #496,$1.99
11518986,Pokemon Japanese Start Deck 100 Battle Collection,Beldum [Mirror Holo] #496,
11462624,Pokemon Japanese Start Deck 100 Battle Collection,Bellibolt #272,$1.49
11518987,Pokemon Japanese Start Deck 100 Battle Collection,Bellibolt [Mirror Holo] #272,
11462953,Pokemon Japanese Start Deck 100 Battle Collection,Bewear #617,$1.49
11518988,Pokemon Japanese Start Deck 100 Battle Collection,Bewear [Mirror Holo] #617,
11463052,Pokemon Japanese Start Deck 100 Battle Collection,Bianca's Devotion #723,
11518989,Pokemon Japanese Start Deck 100 Battle Collection,Bianca's Devotion [Mirror Holo] #723,
11463026,Pokemon Japanese Start Deck 100 Battle Collection,Binding Mochi #681,
11518990,Pokemon Japanese Start Deck 100 Battle Collection,Binding Mochi [Mirror Holo] #681,
11462809,Pokemon Japanese Start Deck 100 Battle Collection,Bisharp #472,$1.73
11462848,Pokemon Japanese Start Deck 100 Battle Collection,Bisharp #511,
11518991,Pokemon Japanese Start Deck 100 Battle Collection,Bisharp [Mirror Holo] #472,
11518992,Pokemon Japanese Start Deck 100 Battle Collection,Bisharp [Mirror Holo] #511,
11463019,Pokemon Japanese Start Deck 100 Battle Collection,Black Belt's Training #704,$0.25
11518993,Pokemon Japanese Start Deck 100 Battle Collection,Black Belt's Training [Mirror Holo] #704,
11462525,Pokemon Japanese Start Deck 100 Battle Collection,Black Kyurem ex #204,$1.88
11519621,Pokemon Japanese Start Deck 100 Battle Collection,Black Kyurem ex [Mirror Holo] #204,$4.00
11462899,Pokemon Japanese Start Deck 100 Battle Collection,Blissey ex #562,$1.51
11519622,Pokemon Japanese Start Deck 100 Battle Collection,Blissey ex [Mirror Holo] #562,
11462590,Pokemon Japanese Start Deck 100 Battle Collection,Blitzle #249,$1.62
11462589,Pokemon Japanese Start Deck 100 Battle Collection,Blitzle #250,$1.50
11518996,Pokemon Japanese Start Deck 100 Battle Collection,Blitzle [Mirror Holo] #249,
11518995,Pokemon Japanese Start Deck 100 Battle Collection,Blitzle [Mirror Holo] #250,
11462752,Pokemon Japanese Start Deck 100 Battle Collection,Bloodmoon Ursaluna #415,
11518997,Pokemon Japanese Start Deck 100 Battle Collection,Bloodmoon Ursaluna [Mirror Holo] #415,
11462960,Pokemon Japanese Start Deck 100 Battle Collection,Bloodmoon Ursaluna ex #625,$4.00
11519623,Pokemon Japanese Start Deck 100 Battle Collection,Bloodmoon Ursaluna ex [Mirror Holo] #625,
11462620,Pokemon Japanese Start Deck 100 Battle Collection,Boltund #269,$1.81
11518998,Pokemon Japanese Start Deck 100 Battle Collection,Boltund [Mirror Holo] #269,
11462822,Pokemon Japanese Start Deck 100 Battle Collection,Bombirdier #485,$1.50
11518999,Pokemon Japanese Start Deck 100 Battle Collection,Bombirdier [Mirror Holo] #485,
11463074,Pokemon Japanese Start Deck 100 Battle Collection,Boomerang Energy #738,$0.25
11519000,Pokemon Japanese Start Deck 100 Battle Collection,Boomerang Energy [Mirror Holo] #738,
11463051,Pokemon Japanese Start Deck 100 Battle Collection,Boss's Orders: Corbeau #724,$3.80
11463096,Pokemon Japanese Start Deck 100 Battle Collection,Boss's Orders: Corbeau #760,$104.28
11519001,Pokemon Japanese Start Deck 100 Battle Collection,Boss's Orders: Corbeau [Mirror Holo] #724,
11519002,Pokemon Japanese Start Deck 100 Battle Collection,Boss's Orders: Corbeau [Mirror Holo] #760,
11462941,Pokemon Japanese Start Deck 100 Battle Collection,Bouffalant ex #605,$1.45
11519624,Pokemon Japanese Start Deck 100 Battle Collection,Bouffalant ex [Mirror Holo] #605,
11462515,Pokemon Japanese Start Deck 100 Battle Collection,Brambleghast #73,
11519003,Pokemon Japanese Start Deck 100 Battle Collection,Brambleghast [Mirror Holo] #73,
11462514,Pokemon Japanese Start Deck 100 Battle Collection,Bramblin #72,
11519004,Pokemon Japanese Start Deck 100 Battle Collection,Bramblin [Mirror Holo] #72,
11463041,Pokemon Japanese Start Deck 100 Battle Collection,Brave Bangle #689,
11519005,Pokemon Japanese Start Deck 100 Battle Collection,Brave Bangle [Mirror Holo] #689,
11462943,Pokemon Japanese Start Deck 100 Battle Collection,Braviary #607,
11519006,Pokemon Japanese Start Deck 100 Battle Collection,Braviary [Mirror Holo] #607,$0.50
11462457,Pokemon Japanese Start Deck 100 Battle Collection,Breloom #28,$0.50
11462461,Pokemon Japanese Start Deck 100 Battle Collection,Breloom #29,$1.00
11519007,Pokemon Japanese Start Deck 100 Battle Collection,Breloom [Mirror Holo] #28,
11519008,Pokemon Japanese Start Deck 100 Battle Collection,Breloom [Mirror Holo] #29,
11463046,Pokemon Japanese Start Deck 100 Battle Collection,Briar #722,$0.25
11519009,Pokemon Japanese Start Deck 100 Battle Collection,Briar [Mirror Holo] #722,
11462838,Pokemon Japanese Start Deck 100 Battle Collection,Bronzong #501,$1.23
11519010,Pokemon Japanese Start Deck 100 Battle Collection,Bronzong [Mirror Holo] #501,
11462837,Pokemon Japanese Start Deck 100 Battle Collection,Bronzor #500,
11519011,Pokemon Japanese Start Deck 100 Battle Collection,Bronzor [Mirror Holo] #500,
11462823,Pokemon Japanese Start Deck 100 Battle Collection,Brute Bonnet #487,
11519012,Pokemon Japanese Start Deck 100 Battle Collection,Brute Bonnet [Mirror Holo] #487,
11462984,Pokemon Japanese Start Deck 100 Battle Collection,Buddy-Buddy Poffin #648,$0.50
11519013,Pokemon Japanese Start Deck 100 Battle Collection,Buddy-Buddy Poffin [Mirror Holo] #648,
11463003,Pokemon Japanese Start Deck 100 Battle Collection,Bug Catching Set #667,
11519014,Pokemon Japanese Start Deck 100 Battle Collection,Bug Catching Set [Mirror Holo] #667,
11462466,Pokemon Japanese Start Deck 100 Battle Collection,Buizel #193,$1.50
11519015,Pokemon Japanese Start Deck 100 Battle Collection,Buizel [Mirror Holo] #193,
11462929,Pokemon Japanese Start Deck 100 Battle Collection,Buneary #593,$1.81
11519016,Pokemon Japanese Start Deck 100 Battle Collection,Buneary [Mirror Holo] #593,
11462518,Pokemon Japanese Start Deck 100 Battle Collection,Capsakid #76,$0.50
11519018,Pokemon Japanese Start Deck 100 Battle Collection,Capsakid [Mirror Holo] #76,
11463113,Pokemon Japanese Start Deck 100 Battle Collection,Carbink #400,$5.05
11463088,Pokemon Japanese Start Deck 100 Battle Collection,Carbink #752,$24.54
11519020,Pokemon Japanese Start Deck 100 Battle Collection,Carbink [Mirror Holo] #400,
11519017,Pokemon Japanese Start Deck 100 Battle Collection,Carbink [Mirror Holo] #752,
11462747,Pokemon Japanese Start Deck 100 Battle Collection,Carkol #410,$1.77
11519019,Pokemon Japanese Start Deck 100 Battle Collection,Carkol [Mirror Holo] #410,
11463035,Pokemon Japanese Start Deck 100 Battle Collection,Carmine #715,$1.50
11519021,Pokemon Japanese Start Deck 100 Battle Collection,Carmine [Mirror Holo] #715,
11462440,Pokemon Japanese Start Deck 100 Battle Collection,Carvanha #178,
11519022,Pokemon Japanese Start Deck 100 Battle Collection,Carvanha [Mirror Holo] #178,
11462348,Pokemon Japanese Start Deck 100 Battle Collection,Castform Sunny Form #102,$2.00
11519026,Pokemon Japanese Start Deck 100 Battle Collection,Castform Sunny Form [Mirror Holo] #102,
11462452,Pokemon Japanese Start Deck 100 Battle Collection,Celebi #25,$2.29
11519024,Pokemon Japanese Start Deck 100 Battle Collection,Celebi [Mirror Holo] #25,
11462387,Pokemon Japanese Start Deck 100 Battle Collection,Centiskorch #141,$1.00
11519027,Pokemon Japanese Start Deck 100 Battle Collection,Centiskorch [Mirror Holo] #141,
11462557,Pokemon Japanese Start Deck 100 Battle Collection,Cetitan #218,$1.50
11519028,Pokemon Japanese Start Deck 100 Battle Collection,Cetitan [Mirror Holo] #218,
11462556,Pokemon Japanese Start Deck 100 Battle Collection,Cetoddle #217,$1.50
11519029,Pokemon Japanese Start Deck 100 Battle Collection,Cetoddle [Mirror Holo] #217,
11462898,Pokemon Japanese Start Deck 100 Battle Collection,Chansey #561,$2.24
11519031,Pokemon Japanese Start Deck 100 Battle Collection,Chansey [Mirror Holo] #561,
11462391,Pokemon Japanese Start Deck 100 Battle Collection,Charcadet #145,$1.91
11519034,Pokemon Japanese Start Deck 100 Battle Collection,Charcadet [Mirror Holo] #145,$8.00
11462602,Pokemon Japanese Start Deck 100 Battle Collection,Charjabug #262,$0.50
11519035,Pokemon Japanese Start Deck 100 Battle Collection,Charjabug [Mirror Holo] #262,
11462531,Pokemon Japanese Start Deck 100 Battle Collection,Charmander #83,$2.01
11519037,Pokemon Japanese Start Deck 100 Battle Collection,Charmander [Mirror Holo] #83,$1.49
11463109,Pokemon Japanese Start Deck 100 Battle Collection,Charmeleon #84,$1.70
11519039,Pokemon Japanese Start Deck 100 Battle Collection,Charmeleon [Mirror Holo] #84,$10.00
11462933,Pokemon Japanese Start Deck 100 Battle Collection,Chatot #597,
11519041,Pokemon Japanese Start Deck 100 Battle Collection,Chatot [Mirror Holo] #597,
11462431,Pokemon Japanese Start Deck 100 Battle Collection,Chikorita #16,$7.75
11519043,Pokemon Japanese Start Deck 100 Battle Collection,Chikorita [Mirror Holo] #16,$2.99
11462985,Pokemon Japanese Start Deck 100 Battle Collection,Chill Teaser Toy #649,$0.25
11519044,Pokemon Japanese Start Deck 100 Battle Collection,Chill Teaser Toy [Mirror Holo] #649,
11462349,Pokemon Japanese Start Deck 100 Battle Collection,Chimchar #103,$1.45
11519046,Pokemon Japanese Start Deck 100 Battle Collection,Chimchar [Mirror Holo] #103,
11462940,Pokemon Japanese Start Deck 100 Battle Collection,Cinccino #604,$1.25
11519047,Pokemon Japanese Start Deck 100 Battle Collection,Cinccino [Mirror Holo] #604,
11462385,Pokemon Japanese Start Deck 100 Battle Collection,Cinderace ex #139,$1.50
11519625,Pokemon Japanese Start Deck 100 Battle Collection,Cinderace ex [Mirror Holo] #139,
11463060,Pokemon Japanese Start Deck 100 Battle Collection,Ciphermaniac's Codebreaking #698,
11519049,Pokemon Japanese Start Deck 100 Battle Collection,Ciphermaniac's Codebreaking [Mirror Holo] #698,
11462647,Pokemon Japanese Start Deck 100 Battle Collection,Clefable #286,$1.62
11519051,Pokemon Japanese Start Deck 100 Battle Collection,Clefable [Mirror Holo] #286,
11462643,Pokemon Japanese Start Deck 100 Battle Collection,Clefairy #285,$1.80
11519052,Pokemon Japanese Start Deck 100 Battle Collection,Clefairy [Mirror Holo] #285,
11463027,Pokemon Japanese Start Deck 100 Battle Collection,Clemont's Quick Wit #710,
11519053,Pokemon Japanese Start Deck 100 Battle Collection,Clemont's Quick Wit [Mirror Holo] #710,
11462749,Pokemon Japanese Start Deck 100 Battle Collection,Clobbopus #412,$1.40
11519055,Pokemon Japanese Start Deck 100 Battle Collection,Clobbopus [Mirror Holo] #412,
11462748,Pokemon Japanese Start Deck 100 Battle Collection,Coalossal #411,$1.64
11519057,Pokemon Japanese Start Deck 100 Battle Collection,Coalossal [Mirror Holo] #411,
11462645,Pokemon Japanese Start Deck 100 Battle Collection,Cofagrigus #321,$1.50
11462648,Pokemon Japanese Start Deck 100 Battle Collection,Cofagrigus #322,$1.50
11519058,Pokemon Japanese Start Deck 100 Battle Collection,Cofagrigus [Mirror Holo] #321,
11519060,Pokemon Japanese Start Deck 100 Battle Collection,Cofagrigus [Mirror Holo] #322,
11463036,Pokemon Japanese Start Deck 100 Battle Collection,Colbur Berry #685,
11519061,Pokemon Japanese Start Deck 100 Battle Collection,Colbur Berry [Mirror Holo] #685,
11462729,Pokemon Japanese Start Deck 100 Battle Collection,Conkeldurr #390,$3.00
11519062,Pokemon Japanese Start Deck 100 Battle Collection,Conkeldurr [Mirror Holo] #390,
11463020,Pokemon Japanese Start Deck 100 Battle Collection,Cook #706,$1.50
11519064,Pokemon Japanese Start Deck 100 Battle Collection,Cook [Mirror Holo] #706,
11462859,Pokemon Japanese Start Deck 100 Battle Collection,Copperajah #522,$1.77
11519067,Pokemon Japanese Start Deck 100 Battle Collection,Copperajah [Mirror Holo] #522,$2.00
11462765,Pokemon Japanese Start Deck 100 Battle Collection,Cornerstone Mask Ogerpon #427,$2.01
11519068,Pokemon Japanese Start Deck 100 Battle Collection,Cornerstone Mask Ogerpon [Mirror Holo] #427,
11462764,Pokemon Japanese Start Deck 100 Battle Collection,Cornerstone Mask Ogerpon ex #428,$5.05
11519627,Pokemon Japanese Start Deck 100 Battle Collection,Cornerstone Mask Ogerpon ex [Mirror Holo] #428,
11462446,Pokemon Japanese Start Deck 100 Battle Collection,Corphish #182,$1.35
11519070,Pokemon Japanese Start Deck 100 Battle Collection,Corphish [Mirror Holo] #182,
11462485,Pokemon Japanese Start Deck 100 Battle Collection,Cottonee #43,$0.25
11519071,Pokemon Japanese Start Deck 100 Battle Collection,Cottonee [Mirror Holo] #43,
11463023,Pokemon Japanese Start Deck 100 Battle Collection,Counter Gain #679,
11519072,Pokemon Japanese Start Deck 100 Battle Collection,Counter Gain [Mirror Holo] #679,
11462537,Pokemon Japanese Start Deck 100 Battle Collection,Crabominable #209,
11519075,Pokemon Japanese Start Deck 100 Battle Collection,Crabominable [Mirror Holo] #209,
11462738,Pokemon Japanese Start Deck 100 Battle Collection,Crabrawler #401,
11519074,Pokemon Japanese Start Deck 100 Battle Collection,Crabrawler [Mirror Holo] #401,
11462538,Pokemon Japanese Start Deck 100 Battle Collection,Cramorant #210,$2.27
11519077,Pokemon Japanese Start Deck 100 Battle Collection,Cramorant [Mirror Holo] #210,
11462448,Pokemon Japanese Start Deck 100 Battle Collection,Crawdaunt #183,$1.49
11519078,Pokemon Japanese Start Deck 100 Battle Collection,Crawdaunt [Mirror Holo] #183,
11462633,Pokemon Japanese Start Deck 100 Battle Collection,Cresselia #317,$2.00
11519079,Pokemon Japanese Start Deck 100 Battle Collection,Cresselia [Mirror Holo] #317,
11463058,Pokemon Japanese Start Deck 100 Battle Collection,Crispin #696,$0.25
11519023,Pokemon Japanese Start Deck 100 Battle Collection,Crispin [Mirror Holo] #696,
11462720,Pokemon Japanese Start Deck 100 Battle Collection,Croagunk #381,$1.59
11462721,Pokemon Japanese Start Deck 100 Battle Collection,Croagunk #382,$1.77
11519025,Pokemon Japanese Start Deck 100 Battle Collection,Croagunk [Mirror Holo] #381,
11519030,Pokemon Japanese Start Deck 100 Battle Collection,Croagunk [Mirror Holo] #382,
11462389,Pokemon Japanese Start Deck 100 Battle Collection,Crocalor #143,
11519033,Pokemon Japanese Start Deck 100 Battle Collection,Crocalor [Mirror Holo] #143,
11462420,Pokemon Japanese Start Deck 100 Battle Collection,Croconaw #166,$2.00
11463106,Pokemon Japanese Start Deck 100 Battle Collection,Croconaw #167,$2.43
11519036,Pokemon Japanese Start Deck 100 Battle Collection,Croconaw [Mirror Holo] #166,
11519038,Pokemon Japanese Start Deck 100 Battle Collection,Croconaw [Mirror Holo] #167,
11462980,Pokemon Japanese Start Deck 100 Battle Collection,Crushing Hammer #644,$0.50
11519611,Pokemon Japanese Start Deck 100 Battle Collection,Crushing Hammer [Mirror Holo] #644,
11462489,Pokemon Japanese Start Deck 100 Battle Collection,Crustle #46,$1.00
11519040,Pokemon Japanese Start Deck 100 Battle Collection,Crustle [Mirror Holo] #46,
11462521,Pokemon Japanese Start Deck 100 Battle Collection,Cryogonal #202,$1.49
11519042,Pokemon Japanese Start Deck 100 Battle Collection,Cryogonal [Mirror Holo] #202,
11462857,Pokemon Japanese Start Deck 100 Battle Collection,Cufant #521,$1.49
11519045,Pokemon Japanese Start Deck 100 Battle Collection,Cufant [Mirror Holo] #521,$3.00
11462963,Pokemon Japanese Start Deck 100 Battle Collection,Cyclizar #627,$0.25
11519048,Pokemon Japanese Start Deck 100 Battle Collection,Cyclizar [Mirror Holo] #627,$2.00
11462715,Pokemon Japanese Start Deck 100 Battle Collection,Cynthia's Gabite #377,$3.58
11519050,Pokemon Japanese Start Deck 100 Battle Collection,Cynthia's Gabite [Mirror Holo] #377,
11462717,Pokemon Japanese Start Deck 100 Battle Collection,Cynthia's Garchomp ex #378,$8.69
11519626,Pokemon Japanese Start Deck 100 Battle Collection,Cynthia's Garchomp ex [Mirror Holo] #378,
11462714,Pokemon Japanese Start Deck 100 Battle Collection,Cynthia's Gible #376,$3.37
11519054,Pokemon Japanese Start Deck 100 Battle Collection,Cynthia's Gible [Mirror Holo] #376,
11463028,Pokemon Japanese Start Deck 100 Battle Collection,Cynthia's Power Weight #682,$3.19
11519056,Pokemon Japanese Start Deck 100 Battle Collection,Cynthia's Power Weight [Mirror Holo] #682,
11462469,Pokemon Japanese Start Deck 100 Battle Collection,Cynthia's Roselia #32,$2.66
11519059,Pokemon Japanese Start Deck 100 Battle Collection,Cynthia's Roselia [Mirror Holo] #32,
11462467,Pokemon Japanese Start Deck 100 Battle Collection,Cynthia's Roserade #33,$8.16
11519063,Pokemon Japanese Start Deck 100 Battle Collection,Cynthia's Roserade [Mirror Holo] #33,
11462687,Pokemon Japanese Start Deck 100 Battle Collection,Dachsbun ex #348,$1.50
11519629,Pokemon Japanese Start Deck 100 Battle Collection,Dachsbun ex [Mirror Holo] #348,
11462983,Pokemon Japanese Start Deck 100 Battle Collection,Dangerous Laser #647,
11519066,Pokemon Japanese Start Deck 100 Battle Collection,Dangerous Laser [Mirror Holo] #647,
11462792,Pokemon Japanese Start Deck 100 Battle Collection,Darkrai ex #456,$2.58
11519631,Pokemon Japanese Start Deck 100 Battle Collection,Darkrai ex [Mirror Holo] #456,$5.00
11462363,Pokemon Japanese Start Deck 100 Battle Collection,Darmanitan #117,
11519065,Pokemon Japanese Start Deck 100 Battle Collection,Darmanitan [Mirror Holo] #117,
11462362,Pokemon Japanese Start Deck 100 Battle Collection,Darumaka #116,
11519069,Pokemon Japanese Start Deck 100 Battle Collection,Darumaka [Mirror Holo] #116,
11462981,Pokemon Japanese Start Deck 100 Battle Collection,Deduction Kit #645,
11519076,Pokemon Japanese Start Deck 100 Battle Collection,Deduction Kit [Mirror Holo] #645,
11462812,Pokemon Japanese Start Deck 100 Battle Collection,Deino #476,$1.49
11519073,Pokemon Japanese Start Deck 100 Battle Collection,Deino [Mirror Holo] #476,
11462922,Pokemon Japanese Start Deck 100 Battle Collection,Delcatty #586,$1.50
11519082,Pokemon Japanese Start Deck 100 Battle Collection,Delcatty [Mirror Holo] #586,
11463034,Pokemon Japanese Start Deck 100 Battle Collection,Deluxe Bomb #684,$3.00
11519081,Pokemon Japanese Start Deck 100 Battle Collection,Deluxe Bomb [Mirror Holo] #684,
11462502,Pokemon Japanese Start Deck 100 Battle Collection,Dhelmise #60,$1.64
11519083,Pokemon Japanese Start Deck 100 Battle Collection,Dhelmise [Mirror Holo] #60,
11462839,Pokemon Japanese Start Deck 100 Battle Collection,Dialga #502,$0.70
11519084,Pokemon Japanese Start Deck 100 Battle Collection,Dialga [Mirror Holo] #502,
11462505,Pokemon Japanese Start Deck 100 Battle Collection,Dipplin #63,$1.50
11519085,Pokemon Japanese Start Deck 100 Battle Collection,Dipplin [Mirror Holo] #63,
11462513,Pokemon Japanese Start Deck 100 Battle Collection,Dolliv #70,$1.77
11519086,Pokemon Japanese Start Deck 100 Battle Collection,Dolliv [Mirror Holo] #70,$2.00
11462559,Pokemon Japanese Start Deck 100 Battle Collection,Dondozo ex #220,$1.53
11519633,Pokemon Japanese Start Deck 100 Battle Collection,Dondozo ex [Mirror Holo] #220,
11462705,Pokemon Japanese Start Deck 100 Battle Collection,Donphan #366,$1.50
11519089,Pokemon Japanese Start Deck 100 Battle Collection,Donphan [Mirror Holo] #366,
11462885,Pokemon Japanese Start Deck 100 Battle Collection,Dragapult ex #548,$10.30
11519635,Pokemon Japanese Start Deck 100 Battle Collection,Dragapult ex [Mirror Holo] #548,
11463008,Pokemon Japanese Start Deck 100 Battle Collection,Dragon Elixir #672,
11519088,Pokemon Japanese Start Deck 100 Battle Collection,Dragon Elixir [Mirror Holo] #672,
11462884,Pokemon Japanese Start Deck 100 Battle Collection,Drakloak #547,$2.00
11519087,Pokemon Japanese Start Deck 100 Battle Collection,Drakloak [Mirror Holo] #547,
11462956,Pokemon Japanese Start Deck 100 Battle Collection,Drampa #620,$1.50
11462957,Pokemon Japanese Start Deck 100 Battle Collection,Drampa #621,$1.77
11519090,Pokemon Japanese Start Deck 100 Battle Collection,Drampa [Mirror Holo] #620,
11519091,Pokemon Japanese Start Deck 100 Battle Collection,Drampa [Mirror Holo] #621,$2.00
11463043,Pokemon Japanese Start Deck 100 Battle Collection,Drasna #719,
11519092,Pokemon Japanese Start Deck 100 Battle Collection,Drasna [Mirror Holo] #719,
11463015,Pokemon Japanese Start Deck 100 Battle Collection,Drayton #703,$3.04
11519093,Pokemon Japanese Start Deck 100 Battle Collection,Drayton [Mirror Holo] #703,
11462883,Pokemon Japanese Start Deck 100 Battle Collection,Dreepy #546,$1.00
11519094,Pokemon Japanese Start Deck 100 Battle Collection,Dreepy [Mirror Holo] #546,
11462724,Pokemon Japanese Start Deck 100 Battle Collection,Drilbur #385,
11519095,Pokemon Japanese Start Deck 100 Battle Collection,Drilbur [Mirror Holo] #385,
11462880,Pokemon Japanese Start Deck 100 Battle Collection,Druddigon #544,
11519096,Pokemon Japanese Start Deck 100 Battle Collection,Druddigon [Mirror Holo] #544,
11462475,Pokemon Japanese Start Deck 100 Battle Collection,Ducklett #197,$1.50
11519097,Pokemon Japanese Start Deck 100 Battle Collection,Ducklett [Mirror Holo] #197,
11462913,Pokemon Japanese Start Deck 100 Battle Collection,Dudunsparce ex #575,$1.46
11519636,Pokemon Japanese Start Deck 100 Battle Collection,Dudunsparce ex [Mirror Holo] #575,$5.00
11462911,Pokemon Japanese Start Deck 100 Battle Collection,Dunsparce #574,$7.23
11519098,Pokemon Japanese Start Deck 100 Battle Collection,Dunsparce [Mirror Holo] #574,
11462860,Pokemon Japanese Start Deck 100 Battle Collection,Duraludon #523,
11462862,Pokemon Japanese Start Deck 100 Battle Collection,Duraludon #524,
11519099,Pokemon Japanese Start Deck 100 Battle Collection,Duraludon [Mirror Holo] #523,
11519101,Pokemon Japanese Start Deck 100 Battle Collection,Duraludon [Mirror Holo] #524,
11462492,Pokemon Japanese Start Deck 100 Battle Collection,Durant #51,
11519100,Pokemon Japanese Start Deck 100 Battle Collection,Durant [Mirror Holo] #51,
11462495,Pokemon Japanese Start Deck 100 Battle Collection,Durant ex #52,$1.96
11519638,Pokemon Japanese Start Deck 100 Battle Collection,Durant ex [Mirror Holo] #52,$5.00
11462614,Pokemon Japanese Start Deck 100 Battle Collection,Dusclops #309,$2.71
11519102,Pokemon Japanese Start Deck 100 Battle Collection,Dusclops [Mirror Holo] #309,
11463112,Pokemon Japanese Start Deck 100 Battle Collection,Dusknoir #310,$4.00
11519103,Pokemon Japanese Start Deck 100 Battle Collection,Dusknoir [Mirror Holo] #310,
11462611,Pokemon Japanese Start Deck 100 Battle Collection,Duskull #308,$3.00
11519104,Pokemon Japanese Start Deck 100 Battle Collection,Duskull [Mirror Holo] #308,
11462487,Pokemon Japanese Start Deck 100 Battle Collection,Dwebble #45,$1.00
11519105,Pokemon Japanese Start Deck 100 Battle Collection,Dwebble [Mirror Holo] #45,
11462597,Pokemon Japanese Start Deck 100 Battle Collection,Eelektrik #257,$1.50
11519106,Pokemon Japanese Start Deck 100 Battle Collection,Eelektrik [Mirror Holo] #257,
11462901,Pokemon Japanese Start Deck 100 Battle Collection,Eevee #564,$3.71
11462902,Pokemon Japanese Start Deck 100 Battle Collection,Eevee #565,$3.46
11463090,Pokemon Japanese Start Deck 100 Battle Collection,Eevee #755,$148.03
11519115,Pokemon Japanese Start Deck 100 Battle Collection,Eevee [Mirror Holo] #564,$12.00
11519118,Pokemon Japanese Start Deck 100 Battle Collection,Eevee [Mirror Holo] #565,
11519119,Pokemon Japanese Start Deck 100 Battle Collection,Eevee [Mirror Holo] #755,
11462903,Pokemon Japanese Start Deck 100 Battle Collection,Eevee ex #566,$7.23
11519640,Pokemon Japanese Start Deck 100 Battle Collection,Eevee ex [Mirror Holo] #566,
11462767,Pokemon Japanese Start Deck 100 Battle Collection,Ekans #430,$1.95
11519125,Pokemon Japanese Start Deck 100 Battle Collection,Ekans [Mirror Holo] #430,
11462576,Pokemon Japanese Start Deck 100 Battle Collection,Electabuzz #236,$1.50
11519129,Pokemon Japanese Start Deck 100 Battle Collection,Electabuzz [Mirror Holo] #236,
11462577,Pokemon Japanese Start Deck 100 Battle Collection,Electivire ex #237,$1.64
11519642,Pokemon Japanese Start Deck 100 Battle Collection,Electivire ex [Mirror Holo] #237,$4.00
11462581,Pokemon Japanese Start Deck 100 Battle Collection,Electrike #242,$1.77
11519130,Pokemon Japanese Start Deck 100 Battle Collection,Electrike [Mirror Holo] #242,
11462657,Pokemon Japanese Start Deck 100 Battle Collection,Elgyem #326,$1.50
11519136,Pokemon Japanese Start Deck 100 Battle Collection,Elgyem [Mirror Holo] #326,
11462358,Pokemon Japanese Start Deck 100 Battle Collection,Emboar #112,$1.50
11519153,Pokemon Japanese Start Deck 100 Battle Collection,Emboar [Mirror Holo] #112,
11462593,Pokemon Japanese Start Deck 100 Battle Collection,Emolga #253,$0.99
11519155,Pokemon Japanese Start Deck 100 Battle Collection,Emolga [Mirror Holo] #253,
11462684,Pokemon Japanese Start Deck 100 Battle Collection,Enamorus #346,$0.25
11519165,Pokemon Japanese Start Deck 100 Battle Collection,Enamorus [Mirror Holo] #346,
11462973,Pokemon Japanese Start Deck 100 Battle Collection,Energy Coin #637,
11519166,Pokemon Japanese Start Deck 100 Battle Collection,Energy Coin [Mirror Holo] #637,
11462977,Pokemon Japanese Start Deck 100 Battle Collection,Energy Recycler #640,
11519176,Pokemon Japanese Start Deck 100 Battle Collection,Energy Recycler [Mirror Holo] #640,
11462971,Pokemon Japanese Start Deck 100 Battle Collection,Energy Retrieval #636,$0.25
11519187,Pokemon Japanese Start Deck 100 Battle Collection,Energy Retrieval [Mirror Holo] #636,
11462974,Pokemon Japanese Start Deck 100 Battle Collection,Energy Search #639,$0.25
11519188,Pokemon Japanese Start Deck 100 Battle Collection,Energy Search [Mirror Holo] #639,
11462975,Pokemon Japanese Start Deck 100 Battle Collection,Energy Switch #638,$2.00
11519193,Pokemon Japanese Start Deck 100 Battle Collection,Energy Switch [Mirror Holo] #638,
11463076,Pokemon Japanese Start Deck 100 Battle Collection,Enriching Energy #740,$1.00
11519194,Pokemon Japanese Start Deck 100 Battle Collection,Enriching Energy [Mirror Holo] #740,
11462411,Pokemon Japanese Start Deck 100 Battle Collection,Erika's Bellsprout #6,$1.77
11519195,Pokemon Japanese Start Deck 100 Battle Collection,Erika's Bellsprout [Mirror Holo] #6,
11462402,Pokemon Japanese Start Deck 100 Battle Collection,Erika's Gloom #2,$1.70
11519196,Pokemon Japanese Start Deck 100 Battle Collection,Erika's Gloom [Mirror Holo] #2,
11462400,Pokemon Japanese Start Deck 100 Battle Collection,Erika's Oddish #1,$1.68
11519197,Pokemon Japanese Start Deck 100 Battle Collection,Erika's Oddish [Mirror Holo] #1,
11462427,Pokemon Japanese Start Deck 100 Battle Collection,Erika's Tangela #14,$6.68
11463079,Pokemon Japanese Start Deck 100 Battle Collection,Erika's Tangela #743,$100.46
11519201,Pokemon Japanese Start Deck 100 Battle Collection,Erika's Tangela [Mirror Holo] #14,
11519204,Pokemon Japanese Start Deck 100 Battle Collection,Erika's Tangela [Mirror Holo] #743,
11462414,Pokemon Japanese Start Deck 100 Battle Collection,Erika's Victreebel #8,$4.00
11519205,Pokemon Japanese Start Deck 100 Battle Collection,Erika's Victreebel [Mirror Holo] #8,
11462405,Pokemon Japanese Start Deck 100 Battle Collection,Erika's Vileplume ex #3,$5.54
11519643,Pokemon Japanese Start Deck 100 Battle Collection,Erika's Vileplume ex [Mirror Holo] #3,
11462412,Pokemon Japanese Start Deck 100 Battle Collection,Erika's Weepinbell #7,$1.90
11519206,Pokemon Japanese Start Deck 100 Battle Collection,Erika's Weepinbell [Mirror Holo] #7,
11462841,Pokemon Japanese Start Deck 100 Battle Collection,Escavalier #504,$1.50
11462842,Pokemon Japanese Start Deck 100 Battle Collection,Escavalier #505,$0.25
11519211,Pokemon Japanese Start Deck 100 Battle Collection,Escavalier [Mirror Holo] #504,
11519216,Pokemon Japanese Start Deck 100 Battle Collection,Escavalier [Mirror Holo] #505,
11462667,Pokemon Japanese Start Deck 100 Battle Collection,Espeon ex #298,$2.83
11519645,Pokemon Japanese Start Deck 100 Battle Collection,Espeon ex [Mirror Holo] #298,
11462668,Pokemon Japanese Start Deck 100 Battle Collection,Espurr #331,$1.58
11519221,Pokemon Japanese Start Deck 100 Battle Collection,Espurr [Mirror Holo] #331,
11462580,Pokemon Japanese Start Deck 100 Battle Collection,Ethan's Pichu #241,$2.84
11519222,Pokemon Japanese Start Deck 100 Battle Collection,Ethan's Pichu [Mirror Holo] #241,$5.00
11462725,Pokemon Japanese Start Deck 100 Battle Collection,Excadrill #386,
11519648,Pokemon Japanese Start Deck 100 Battle Collection,Excadrill [Mirror Holo] #386,
11462726,Pokemon Japanese Start Deck 100 Battle Collection,Excadrill ex #387,$2.24
11519649,Pokemon Japanese Start Deck 100 Battle Collection,Excadrill ex [Mirror Holo] #387,
11462418,Pokemon Japanese Start Deck 100 Battle Collection,Exeggcute #10,$1.64
11462415,Pokemon Japanese Start Deck 100 Battle Collection,Exeggcute #9,$1.49
11519653,Pokemon Japanese Start Deck 100 Battle Collection,Exeggcute [Mirror Holo] #10,
11519650,Pokemon Japanese Start Deck 100 Battle Collection,Exeggcute [Mirror Holo] #9,$2.00
11462421,Pokemon Japanese Start Deck 100 Battle Collection,Exeggutor #11,$1.50
11519652,Pokemon Japanese Start Deck 100 Battle Collection,Exeggutor [Mirror Holo] #11,
11463040,Pokemon Japanese Start Deck 100 Battle Collection,Explorer's Guidance #717,$0.25
11519655,Pokemon Japanese Start Deck 100 Battle Collection,Explorer's Guidance [Mirror Holo] #717,
11462604,Pokemon Japanese Start Deck 100 Battle Collection,Farigiraf #302,$1.50
11519225,Pokemon Japanese Start Deck 100 Battle Collection,Farigiraf [Mirror Holo] #302,
11462824,Pokemon Japanese Start Deck 100 Battle Collection,Farigiraf ex #486,$2.25
11519657,Pokemon Japanese Start Deck 100 Battle Collection,Farigiraf ex [Mirror Holo] #486,
11462895,Pokemon Japanese Start Deck 100 Battle Collection,Fearow #558,$2.00
11519226,Pokemon Japanese Start Deck 100 Battle Collection,Fearow [Mirror Holo] #558,
11462450,Pokemon Japanese Start Deck 100 Battle Collection,Feebas #184,$1.64
11519227,Pokemon Japanese Start Deck 100 Battle Collection,Feebas [Mirror Holo] #184,
11463055,Pokemon Japanese Start Deck 100 Battle Collection,Fennel #725,
11519233,Pokemon Japanese Start Deck 100 Battle Collection,Fennel [Mirror Holo] #725,
11462423,Pokemon Japanese Start Deck 100 Battle Collection,Feraligatr #168,$2.84
11519234,Pokemon Japanese Start Deck 100 Battle Collection,Feraligatr [Mirror Holo] #168,
11462698,Pokemon Japanese Start Deck 100 Battle Collection,Fezandipiti #359,$4.44
11519238,Pokemon Japanese Start Deck 100 Battle Collection,Fezandipiti [Mirror Holo] #359,
11462826,Pokemon Japanese Start Deck 100 Battle Collection,Fezandipiti ex #489,
11519660,Pokemon Japanese Start Deck 100 Battle Collection,Fezandipiti ex [Mirror Holo] #489,
11462686,Pokemon Japanese Start Deck 100 Battle Collection,Fidough #347,$2.00
11519239,Pokemon Japanese Start Deck 100 Battle Collection,Fidough [Mirror Holo] #347,
11462990,Pokemon Japanese Start Deck 100 Battle Collection,Fighting Gong #654,
11519240,Pokemon Japanese Start Deck 100 Battle Collection,Fighting Gong [Mirror Holo] #654,
11462548,Pokemon Japanese Start Deck 100 Battle Collection,Finizen #214,$1.50
11519241,Pokemon Japanese Start Deck 100 Battle Collection,Finizen [Mirror Holo] #214,
11462470,Pokemon Japanese Start Deck 100 Battle Collection,Finneon #195,$1.50
11519247,Pokemon Japanese Start Deck 100 Battle Collection,Finneon [Mirror Holo] #195,
11462662,Pokemon Japanese Start Deck 100 Battle Collection,Flabebe #328,
11519243,Pokemon Japanese Start Deck 100 Battle Collection,Flabebe [Mirror Holo] #328,
11462546,Pokemon Japanese Start Deck 100 Battle Collection,Flareon ex #94,$3.44
11519662,Pokemon Japanese Start Deck 100 Battle Collection,Flareon ex [Mirror Holo] #94,
11462471,Pokemon Japanese Start Deck 100 Battle Collection,Floatzel #194,$1.50
11519244,Pokemon Japanese Start Deck 100 Battle Collection,Floatzel [Mirror Holo] #194,
11462663,Pokemon Japanese Start Deck 100 Battle Collection,Floette #329,
11519246,Pokemon Japanese Start Deck 100 Battle Collection,Floette [Mirror Holo] #329,
11462507,Pokemon Japanese Start Deck 100 Battle Collection,Floragato #66,$1.76
11519248,Pokemon Japanese Start Deck 100 Battle Collection,Floragato [Mirror Holo] #66,
11462666,Pokemon Japanese Start Deck 100 Battle Collection,Florges #330,$0.50
11519249,Pokemon Japanese Start Deck 100 Battle Collection,Florges [Mirror Holo] #330,
11462693,Pokemon Japanese Start Deck 100 Battle Collection,Flutter Mane #354,$1.40
11462697,Pokemon Japanese Start Deck 100 Battle Collection,Flutter Mane #355,
11519250,Pokemon Japanese Start Deck 100 Battle Collection,Flutter Mane [Mirror Holo] #354,
11519252,Pokemon Japanese Start Deck 100 Battle Collection,Flutter Mane [Mirror Holo] #355,
11462490,Pokemon Japanese Start Deck 100 Battle Collection,Foongus #48,$1.50
11519251,Pokemon Japanese Start Deck 100 Battle Collection,Foongus [Mirror Holo] #48,
11462879,Pokemon Japanese Start Deck 100 Battle Collection,Fraxure #542,$1.50
11519259,Pokemon Japanese Start Deck 100 Battle Collection,Fraxure [Mirror Holo] #542,
11462530,Pokemon Japanese Start Deck 100 Battle Collection,Froakie #206,$1.85
11519253,Pokemon Japanese Start Deck 100 Battle Collection,Froakie [Mirror Holo] #206,
11462532,Pokemon Japanese Start Deck 100 Battle Collection,Frogadier #207,$1.64
11519254,Pokemon Japanese Start Deck 100 Battle Collection,Frogadier [Mirror Holo] #207,
11462388,Pokemon Japanese Start Deck 100 Battle Collection,Fuecoco #142,
11519255,Pokemon Japanese Start Deck 100 Battle Collection,Fuecoco [Mirror Holo] #142,$7.00
11462947,Pokemon Japanese Start Deck 100 Battle Collection,Furfrou #611,$1.50
11462948,Pokemon Japanese Start Deck 100 Battle Collection,Furfrou #612,$1.00
11519256,Pokemon Japanese Start Deck 100 Battle Collection,Furfrou [Mirror Holo] #611,
11519257,Pokemon Japanese Start Deck 100 Battle Collection,Furfrou [Mirror Holo] #612,
11462908,Pokemon Japanese Start Deck 100 Battle Collection,Furret #571,$1.50
11519258,Pokemon Japanese Start Deck 100 Battle Collection,Furret [Mirror Holo] #571,
11462846,Pokemon Japanese Start Deck 100 Battle Collection,Galarian Stunfisk #509,$1.50
11519260,Pokemon Japanese Start Deck 100 Battle Collection,Galarian Stunfisk [Mirror Holo] #509,
11462491,Pokemon Japanese Start Deck 100 Battle Collection,Galvantula #50,$1.49
11519109,Pokemon Japanese Start Deck 100 Battle Collection,Galvantula [Mirror Holo] #50,
11462595,Pokemon Japanese Start Deck 100 Battle Collection,Galvantula ex #255,$1.95
11519663,Pokemon Japanese Start Deck 100 Battle Collection,Galvantula ex [Mirror Holo] #255,
11462802,Pokemon Japanese Start Deck 100 Battle Collection,Garbodor #466,$2.01
11519107,Pokemon Japanese Start Deck 100 Battle Collection,Garbodor [Mirror Holo] #466,
11462755,Pokemon Japanese Start Deck 100 Battle Collection,Garganacl #418,
11519108,Pokemon Japanese Start Deck 100 Battle Collection,Garganacl [Mirror Holo] #418,
11462778,Pokemon Japanese Start Deck 100 Battle Collection,Gastly #441,$1.50
11462779,Pokemon Japanese Start Deck 100 Battle Collection,Gastly #442,$1.50
11519110,Pokemon Japanese Start Deck 100 Battle Collection,Gastly [Mirror Holo] #441,
11519111,Pokemon Japanese Start Deck 100 Battle Collection,Gastly [Mirror Holo] #442,
11462849,Pokemon Japanese Start Deck 100 Battle Collection,Genesect ex #512,$4.99
11519666,Pokemon Japanese Start Deck 100 Battle Collection,Genesect ex [Mirror Holo] #512,$3.00
11462782,Pokemon Japanese Start Deck 100 Battle Collection,Gengar ex #445,$10.00
11519668,Pokemon Japanese Start Deck 100 Battle Collection,Gengar ex [Mirror Holo] #445,
11462871,Pokemon Japanese Start Deck 100 Battle Collection,Gholdengo #534,$1.50
11462873,Pokemon Japanese Start Deck 100 Battle Collection,Gholdengo #535,$3.44
11519112,Pokemon Japanese Start Deck 100 Battle Collection,Gholdengo [Mirror Holo] #534,
11519113,Pokemon Japanese Start Deck 100 Battle Collection,Gholdengo [Mirror Holo] #535,
11462694,Pokemon Japanese Start Deck 100 Battle Collection,Gimmighoul #356,$1.45
11519114,Pokemon Japanese Start Deck 100 Battle Collection,Gimmighoul [Mirror Holo] #356,
11462671,Pokemon Japanese Start Deck 100 Battle Collection,Girafarig #300,$1.50
11462608,Pokemon Japanese Start Deck 100 Battle Collection,Girafarig #301,$1.76
11519117,Pokemon Japanese Start Deck 100 Battle Collection,Girafarig [Mirror Holo] #300,
11519116,Pokemon Japanese Start Deck 100 Battle Collection,Girafarig [Mirror Holo] #301,
11462413,Pokemon Japanese Start Deck 100 Battle Collection,Glaceon ex #162,$2.88
11519670,Pokemon Japanese Start Deck 100 Battle Collection,Glaceon ex [Mirror Holo] #162,
11462455,Pokemon Japanese Start Deck 100 Battle Collection,Glalie #187,
11519122,Pokemon Japanese Start Deck 100 Battle Collection,Glalie [Mirror Holo] #187,
11462931,Pokemon Japanese Start Deck 100 Battle Collection,Glameow #595,$0.25
11519120,Pokemon Japanese Start Deck 100 Battle Collection,Glameow [Mirror Holo] #595,
11462649,Pokemon Japanese Start Deck 100 Battle Collection,Gothita #323,$2.00
11519121,Pokemon Japanese Start Deck 100 Battle Collection,Gothita [Mirror Holo] #323,
11462655,Pokemon Japanese Start Deck 100 Battle Collection,Gothitelle #325,
11519124,Pokemon Japanese Start Deck 100 Battle Collection,Gothitelle [Mirror Holo] #325,
11462653,Pokemon Japanese Start Deck 100 Battle Collection,Gothorita #324,
11519126,Pokemon Japanese Start Deck 100 Battle Collection,Gothorita [Mirror Holo] #324,
11462396,Pokemon Japanese Start Deck 100 Battle Collection,Gouging Fire #150,$0.25
11519127,Pokemon Japanese Start Deck 100 Battle Collection,Gouging Fire [Mirror Holo] #150,
11462397,Pokemon Japanese Start Deck 100 Battle Collection,Gouging Fire ex #151,$1.65
11519673,Pokemon Japanese Start Deck 100 Battle Collection,Gouging Fire ex [Mirror Holo] #151,
11462606,Pokemon Japanese Start Deck 100 Battle Collection,Granbull #304,$1.50
11519128,Pokemon Japanese Start Deck 100 Battle Collection,Granbull [Mirror Holo] #304,
11462750,Pokemon Japanese Start Deck 100 Battle Collection,Grapploct #413,
11519131,Pokemon Japanese Start Deck 100 Battle Collection,Grapploct [Mirror Holo] #413,
11462758,Pokemon Japanese Start Deck 100 Battle Collection,Great Tusk #422,$1.50
11519132,Pokemon Japanese Start Deck 100 Battle Collection,Great Tusk [Mirror Holo] #422,
11462688,Pokemon Japanese Start Deck 100 Battle Collection,Greavard #349,$2.01
11519133,Pokemon Japanese Start Deck 100 Battle Collection,Greavard [Mirror Holo] #349,
11462534,Pokemon Japanese Start Deck 100 Battle Collection,Greninja ex #208,$2.50
11519672,Pokemon Japanese Start Deck 100 Battle Collection,Greninja ex [Mirror Holo] #208,
11462685,Pokemon Japanese Start Deck 100 Battle Collection,Grimmsnarl #345,$2.00
11519134,Pokemon Japanese Start Deck 100 Battle Collection,Grimmsnarl [Mirror Holo] #345,
11462474,Pokemon Japanese Start Deck 100 Battle Collection,Grotle #35,$1.50
11519135,Pokemon Japanese Start Deck 100 Battle Collection,Grotle [Mirror Holo] #35,
11462716,Pokemon Japanese Start Deck 100 Battle Collection,Groudon #375,$2.30
11519137,Pokemon Japanese Start Deck 100 Battle Collection,Groudon [Mirror Holo] #375,
11462499,Pokemon Japanese Start Deck 100 Battle Collection,Grubbin #57,$1.50
11519138,Pokemon Japanese Start Deck 100 Battle Collection,Grubbin [Mirror Holo] #57,
11462609,Pokemon Japanese Start Deck 100 Battle Collection,Grumpig #306,$1.77
11519139,Pokemon Japanese Start Deck 100 Battle Collection,Grumpig [Mirror Holo] #306,
11462728,Pokemon Japanese Start Deck 100 Battle Collection,Gurdurr #389,$2.00
11519140,Pokemon Japanese Start Deck 100 Battle Collection,Gurdurr [Mirror Holo] #389,
11463038,Pokemon Japanese Start Deck 100 Battle Collection,Haban Berry #686,
11519141,Pokemon Japanese Start Deck 100 Battle Collection,Haban Berry [Mirror Holo] #686,
11462989,Pokemon Japanese Start Deck 100 Battle Collection,Hand Trimmer #653,
11519142,Pokemon Japanese Start Deck 100 Battle Collection,Hand Trimmer [Mirror Holo] #653,
11463045,Pokemon Japanese Start Deck 100 Battle Collection,Hassel #721,$1.90
11519144,Pokemon Japanese Start Deck 100 Battle Collection,Hassel [Mirror Holo] #721,$5.00
11462780,Pokemon Japanese Start Deck 100 Battle Collection,Haunter #443,$1.75
11462781,Pokemon Japanese Start Deck 100 Battle Collection,Haunter #444,$1.77
11519146,Pokemon Japanese Start Deck 100 Battle Collection,Haunter [Mirror Holo] #443,
11519143,Pokemon Japanese Start Deck 100 Battle Collection,Haunter [Mirror Holo] #444,
11462949,Pokemon Japanese Start Deck 100 Battle Collection,Hawlucha #613,$2.38
11519145,Pokemon Japanese Start Deck 100 Battle Collection,Hawlucha [Mirror Holo] #613,
11462881,Pokemon Japanese Start Deck 100 Battle Collection,Haxorus #543,$1.64
11519148,Pokemon Japanese Start Deck 100 Battle Collection,Haxorus [Mirror Holo] #543,
11462394,Pokemon Japanese Start Deck 100 Battle Collection,Hearthflame Mask Ogerpon #148,$1.77
11519147,Pokemon Japanese Start Deck 100 Battle Collection,Hearthflame Mask Ogerpon [Mirror Holo] #148,
11462395,Pokemon Japanese Start Deck 100 Battle Collection,Hearthflame Mask Ogerpon ex #149,$2.00
11519674,Pokemon Japanese Start Deck 100 Battle Collection,Hearthflame Mask Ogerpon ex [Mirror Holo] #149,
11462366,Pokemon Japanese Start Deck 100 Battle Collection,Heatmor #120,
11519149,Pokemon Japanese Start Deck 100 Battle Collection,Heatmor [Mirror Holo] #120,
11462840,Pokemon Japanese Start Deck 100 Battle Collection,Heatran #503,
11519150,Pokemon Japanese Start Deck 100 Battle Collection,Heatran [Mirror Holo] #503,
11462601,Pokemon Japanese Start Deck 100 Battle Collection,Heliolisk #261,$2.02
11519151,Pokemon Japanese Start Deck 100 Battle Collection,Heliolisk [Mirror Holo] #261,
11462600,Pokemon Japanese Start Deck 100 Battle Collection,Helioptile #260,$2.02
11519152,Pokemon Japanese Start Deck 100 Battle Collection,Helioptile [Mirror Holo] #260,
11462449,Pokemon Japanese Start Deck 100 Battle Collection,Heracross #24,$1.50
11519154,Pokemon Japanese Start Deck 100 Battle Collection,Heracross [Mirror Holo] #24,
11463039,Pokemon Japanese Start Deck 100 Battle Collection,Hero's Cape #687,$1.99
11519156,Pokemon Japanese Start Deck 100 Battle Collection,Hero's Cape [Mirror Holo] #687,
11463048,Pokemon Japanese Start Deck 100 Battle Collection,Hilda #718,
11519610,Pokemon Japanese Start Deck 100 Battle Collection,Hilda [Mirror Holo] #718,
11462706,Pokemon Japanese Start Deck 100 Battle Collection,Hitmontop #367,$1.64
11463086,Pokemon Japanese Start Deck 100 Battle Collection,Hitmontop #751,$17.49
11519157,Pokemon Japanese Start Deck 100 Battle Collection,Hitmontop [Mirror Holo] #367,
11519158,Pokemon Japanese Start Deck 100 Battle Collection,Hitmontop [Mirror Holo] #751,
11462819,Pokemon Japanese Start Deck 100 Battle Collection,Hoopa #482,$1.57
11519159,Pokemon Japanese Start Deck 100 Battle Collection,Hoopa [Mirror Holo] #482,
11462909,Pokemon Japanese Start Deck 100 Battle Collection,Hoothoot #572,$1.00
11519160,Pokemon Japanese Start Deck 100 Battle Collection,Hoothoot [Mirror Holo] #572,
11463001,Pokemon Japanese Start Deck 100 Battle Collection,Hop's Bag #666,
11519161,Pokemon Japanese Start Deck 100 Battle Collection,Hop's Bag [Mirror Holo] #666,
11463044,Pokemon Japanese Start Deck 100 Battle Collection,Hop's Choice Band #690,
11519162,Pokemon Japanese Start Deck 100 Battle Collection,Hop's Choice Band [Mirror Holo] #690,
11462858,Pokemon Japanese Start Deck 100 Battle Collection,Hop's Corviknight #520,$1.49
11519163,Pokemon Japanese Start Deck 100 Battle Collection,Hop's Corviknight [Mirror Holo] #520,
11462959,Pokemon Japanese Start Deck 100 Battle Collection,Hop's Corvisquire #623,$1.50
11519169,Pokemon Japanese Start Deck 100 Battle Collection,Hop's Corvisquire [Mirror Holo] #623,
11462962,Pokemon Japanese Start Deck 100 Battle Collection,Hop's Cramorant #624,$2.14
11519164,Pokemon Japanese Start Deck 100 Battle Collection,Hop's Cramorant [Mirror Holo] #624,
11462958,Pokemon Japanese Start Deck 100 Battle Collection,Hop's Rookidee #622,$1.50
11519167,Pokemon Japanese Start Deck 100 Battle Collection,Hop's Rookidee [Mirror Holo] #622,
11462905,Pokemon Japanese Start Deck 100 Battle Collection,Hop's Snorlax #569,$4.52
11519168,Pokemon Japanese Start Deck 100 Battle Collection,Hop's Snorlax [Mirror Holo] #569,
11462864,Pokemon Japanese Start Deck 100 Battle Collection,Hop's Zacian ex #527,$1.25
11519675,Pokemon Japanese Start Deck 100 Battle Collection,Hop's Zacian ex [Mirror Holo] #527,
11462398,Pokemon Japanese Start Deck 100 Battle Collection,Horsea #152,$1.93
11519170,Pokemon Japanese Start Deck 100 Battle Collection,Horsea [Mirror Holo] #152,
11462787,Pokemon Japanese Start Deck 100 Battle Collection,Houndoom #450,$1.59
11462551,Pokemon Japanese Start Deck 100 Battle Collection,Houndoom #98,$1.59
11519172,Pokemon Japanese Start Deck 100 Battle Collection,Houndoom [Mirror Holo] #450,
11519171,Pokemon Japanese Start Deck 100 Battle Collection,Houndoom [Mirror Holo] #98,
11462785,Pokemon Japanese Start Deck 100 Battle Collection,Houndour #449,$1.50
11462552,Pokemon Japanese Start Deck 100 Battle Collection,Houndour #97,$1.49
11519174,Pokemon Japanese Start Deck 100 Battle Collection,Houndour [Mirror Holo] #449,
11519173,Pokemon Japanese Start Deck 100 Battle Collection,Houndour [Mirror Holo] #97,
11462689,Pokemon Japanese Start Deck 100 Battle Collection,Houndstone #350,$1.64
11519175,Pokemon Japanese Start Deck 100 Battle Collection,Houndstone [Mirror Holo] #350,
11462690,Pokemon Japanese Start Deck 100 Battle Collection,Houndstone ex #351,$2.05
11519678,Pokemon Japanese Start Deck 100 Battle Collection,Houndstone ex [Mirror Holo] #351,
11462506,Pokemon Japanese Start Deck 100 Battle Collection,Hydrapple ex #64,$2.90
11519676,Pokemon Japanese Start Deck 100 Battle Collection,Hydrapple ex [Mirror Holo] #64,
11462815,Pokemon Japanese Start Deck 100 Battle Collection,Hydreigon ex #478,$1.65
11519677,Pokemon Japanese Start Deck 100 Battle Collection,Hydreigon ex [Mirror Holo] #478,
11462986,Pokemon Japanese Start Deck 100 Battle Collection,Hyper Aroma #650,
11519177,Pokemon Japanese Start Deck 100 Battle Collection,Hyper Aroma [Mirror Holo] #650,
11463073,Pokemon Japanese Start Deck 100 Battle Collection,Ignition Energy #736,$0.25
11519178,Pokemon Japanese Start Deck 100 Battle Collection,Ignition Energy [Mirror Holo] #736,
11462683,Pokemon Japanese Start Deck 100 Battle Collection,Impidimp #343,$1.50
11519181,Pokemon Japanese Start Deck 100 Battle Collection,Impidimp [Mirror Holo] #343,
11462378,Pokemon Japanese Start Deck 100 Battle Collection,Incineroar ex #132,$1.50
11519679,Pokemon Japanese Start Deck 100 Battle Collection,Incineroar ex [Mirror Holo] #132,
11462351,Pokemon Japanese Start Deck 100 Battle Collection,Infernape #105,$1.54
11519179,Pokemon Japanese Start Deck 100 Battle Collection,Infernape [Mirror Holo] #105,
11462627,Pokemon Japanese Start Deck 100 Battle Collection,Iono's Bellibolt ex #274,$2.31
11519680,Pokemon Japanese Start Deck 100 Battle Collection,Iono's Bellibolt ex [Mirror Holo] #274,$5.00
11462575,Pokemon Japanese Start Deck 100 Battle Collection,Iono's Electrode #235,$1.20
11519180,Pokemon Japanese Start Deck 100 Battle Collection,Iono's Electrode [Mirror Holo] #235,$6.00
11462635,Pokemon Japanese Start Deck 100 Battle Collection,Iono's Kilowattrel #279,$5.16
11519182,Pokemon Japanese Start Deck 100 Battle Collection,Iono's Kilowattrel [Mirror Holo] #279,$7.00
11462626,Pokemon Japanese Start Deck 100 Battle Collection,Iono's Tadbulb #273,$1.77
11519183,Pokemon Japanese Start Deck 100 Battle Collection,Iono's Tadbulb [Mirror Holo] #273,$6.00
11462574,Pokemon Japanese Start Deck 100 Battle Collection,Iono's Voltorb #234,
11519184,Pokemon Japanese Start Deck 100 Battle Collection,Iono's Voltorb [Mirror Holo] #234,$13.00
11462634,Pokemon Japanese Start Deck 100 Battle Collection,Iono's Wattrel #278,$3.00
11519185,Pokemon Japanese Start Deck 100 Battle Collection,Iono's Wattrel [Mirror Holo] #278,$5.00
11463054,Pokemon Japanese Start Deck 100 Battle Collection,Iris's Fighting Spirit #694,$1.77
11519186,Pokemon Japanese Start Deck 100 Battle Collection,Iris's Fighting Spirit [Mirror Holo] #694,
11462699,Pokemon Japanese Start Deck 100 Battle Collection,Iron Boulder #360,$2.16
11519189,Pokemon Japanese Start Deck 100 Battle Collection,Iron Boulder [Mirror Holo] #360,
11462766,Pokemon Japanese Start Deck 100 Battle Collection,Iron Boulder ex #429,$1.52
11519681,Pokemon Japanese Start Deck 100 Battle Collection,Iron Boulder ex [Mirror Holo] #429,
11462872,Pokemon Japanese Start Deck 100 Battle Collection,Iron Crown #536,
11519190,Pokemon Japanese Start Deck 100 Battle Collection,Iron Crown [Mirror Holo] #536,
11462700,Pokemon Japanese Start Deck 100 Battle Collection,Iron Crown ex #361,
11519682,Pokemon Japanese Start Deck 100 Battle Collection,Iron Crown ex [Mirror Holo] #361,
11462967,Pokemon Japanese Start Deck 100 Battle Collection,Iron Defender #631,
11519191,Pokemon Japanese Start Deck 100 Battle Collection,Iron Defender [Mirror Holo] #631,
11462636,Pokemon Japanese Start Deck 100 Battle Collection,Iron Hands #280,$1.00
11519192,Pokemon Japanese Start Deck 100 Battle Collection,Iron Hands [Mirror Holo] #280,
11462964,Pokemon Japanese Start Deck 100 Battle Collection,Iron Jugulis #628,$1.45
11519612,Pokemon Japanese Start Deck 100 Battle Collection,Iron Jugulis [Mirror Holo] #628,
11462519,Pokemon Japanese Start Deck 100 Battle Collection,Iron Leaves ex #77,$2.45
11519683,Pokemon Japanese Start Deck 100 Battle Collection,Iron Leaves ex [Mirror Holo] #77,
11462637,Pokemon Japanese Start Deck 100 Battle Collection,Iron Thorns #281,$1.50
11519198,Pokemon Japanese Start Deck 100 Battle Collection,Iron Thorns [Mirror Holo] #281,
11462638,Pokemon Japanese Start Deck 100 Battle Collection,Iron Thorns ex #282,$4.60
11519686,Pokemon Japanese Start Deck 100 Battle Collection,Iron Thorns ex [Mirror Holo] #282,
11462695,Pokemon Japanese Start Deck 100 Battle Collection,Iron Valiant #357,$1.64
11519199,Pokemon Japanese Start Deck 100 Battle Collection,Iron Valiant [Mirror Holo] #357,
11463064,Pokemon Japanese Start Deck 100 Battle Collection,Janine's Secret Art #699,
11519202,Pokemon Japanese Start Deck 100 Battle Collection,Janine's Secret Art [Mirror Holo] #699,
11463063,Pokemon Japanese Start Deck 100 Battle Collection,Jasmine's Gaze #728,$1.94
11519203,Pokemon Japanese Start Deck 100 Battle Collection,Jasmine's Gaze [Mirror Holo] #728,
11462578,Pokemon Japanese Start Deck 100 Battle Collection,Jolteon ex #238,$3.30
11519684,Pokemon Japanese Start Deck 100 Battle Collection,Jolteon ex [Mirror Holo] #238,
11462594,Pokemon Japanese Start Deck 100 Battle Collection,Joltik #254,$2.37
11519207,Pokemon Japanese Start Deck 100 Battle Collection,Joltik [Mirror Holo] #254,
11463029,Pokemon Japanese Start Deck 100 Battle Collection,Judge #711,$0.25
11519208,Pokemon Japanese Start Deck 100 Battle Collection,Judge [Mirror Holo] #711,$0.25
11462488,Pokemon Japanese Start Deck 100 Battle Collection,Karrablast #47,$1.77
11519209,Pokemon Japanese Start Deck 100 Battle Collection,Karrablast [Mirror Holo] #47,
11462529,Pokemon Japanese Start Deck 100 Battle Collection,Keldeo ex #205,$1.50
11519685,Pokemon Japanese Start Deck 100 Battle Collection,Keldeo ex [Mirror Holo] #205,$5.00
11463031,Pokemon Japanese Start Deck 100 Battle Collection,Kieran #713,$2.14
11519210,Pokemon Japanese Start Deck 100 Battle Collection,Kieran [Mirror Holo] #713,
11462629,Pokemon Japanese Start Deck 100 Battle Collection,Kilowattrel #276,
11462632,Pokemon Japanese Start Deck 100 Battle Collection,Kilowattrel #277,
11519212,Pokemon Japanese Start Deck 100 Battle Collection,Kilowattrel [Mirror Holo] #276,
11519213,Pokemon Japanese Start Deck 100 Battle Collection,Kilowattrel [Mirror Holo] #277,
11462810,Pokemon Japanese Start Deck 100 Battle Collection,Kingambit #473,$1.45
11519214,Pokemon Japanese Start Deck 100 Battle Collection,Kingambit [Mirror Holo] #473,
11462401,Pokemon Japanese Start Deck 100 Battle Collection,Kingdra ex #154,$1.80
11519693,Pokemon Japanese Start Deck 100 Battle Collection,Kingdra ex [Mirror Holo] #154,
11462844,Pokemon Japanese Start Deck 100 Battle Collection,Klang #507,
11519215,Pokemon Japanese Start Deck 100 Battle Collection,Klang [Mirror Holo] #507,
11462757,Pokemon Japanese Start Deck 100 Battle Collection,Klawf #421,$0.25
11519217,Pokemon Japanese Start Deck 100 Battle Collection,Klawf [Mirror Holo] #421,$3.00
11462850,Pokemon Japanese Start Deck 100 Battle Collection,Klefki #513,$1.00
11519218,Pokemon Japanese Start Deck 100 Battle Collection,Klefki [Mirror Holo] #513,
11462843,Pokemon Japanese Start Deck 100 Battle Collection,Klink #506,
11519219,Pokemon Japanese Start Deck 100 Battle Collection,Klink [Mirror Holo] #506,
11462845,Pokemon Japanese Start Deck 100 Battle Collection,Klinklang #508,
11519220,Pokemon Japanese Start Deck 100 Battle Collection,Klinklang [Mirror Holo] #508,
11463049,Pokemon Japanese Start Deck 100 Battle Collection,Kofu #720,
11519223,Pokemon Japanese Start Deck 100 Battle Collection,Kofu [Mirror Holo] #720,
11462887,Pokemon Japanese Start Deck 100 Battle Collection,Koraidon #550,$0.25
11519224,Pokemon Japanese Start Deck 100 Battle Collection,Koraidon [Mirror Holo] #550,
11462762,Pokemon Japanese Start Deck 100 Battle Collection,Koraidon ex #425,$2.99
11462890,Pokemon Japanese Start Deck 100 Battle Collection,Koraidon ex #551,$3.48
11519687,Pokemon Japanese Start Deck 100 Battle Collection,Koraidon ex [Mirror Holo] #425,$4.00
11519688,Pokemon Japanese Start Deck 100 Battle Collection,Koraidon ex [Mirror Holo] #551,$4.00
11462524,Pokemon Japanese Start Deck 100 Battle Collection,Kyurem ex #203,$1.18
11519689,Pokemon Japanese Start Deck 100 Battle Collection,Kyurem ex [Mirror Holo] #203,$5.00
11463037,Pokemon Japanese Start Deck 100 Battle Collection,Lacey #716,$0.25
11519229,Pokemon Japanese Start Deck 100 Battle Collection,Lacey [Mirror Holo] #716,
11463032,Pokemon Japanese Start Deck 100 Battle Collection,Lana's Aid #712,
11519228,Pokemon Japanese Start Deck 100 Battle Collection,Lana's Aid [Mirror Holo] #712,
11462736,Pokemon Japanese Start Deck 100 Battle Collection,Landorus #397,$1.50
11462739,Pokemon Japanese Start Deck 100 Battle Collection,Landorus #398,
11519230,Pokemon Japanese Start Deck 100 Battle Collection,Landorus [Mirror Holo] #397,
11519231,Pokemon Japanese Start Deck 100 Battle Collection,Landorus [Mirror Holo] #398,
11462408,Pokemon Japanese Start Deck 100 Battle Collection,Lapras #159,$1.44
11519232,Pokemon Japanese Start Deck 100 Battle Collection,Lapras [Mirror Holo] #159,
11462945,Pokemon Japanese Start Deck 100 Battle Collection,Larry's Braviary #609,$3.03
11519235,Pokemon Japanese Start Deck 100 Battle Collection,Larry's Braviary [Mirror Holo] #609,
11462914,Pokemon Japanese Start Deck 100 Battle Collection,Larry's Dudunsparce ex #577,$2.95
11519690,Pokemon Japanese Start Deck 100 Battle Collection,Larry's Dudunsparce ex [Mirror Holo] #577,
11462912,Pokemon Japanese Start Deck 100 Battle Collection,Larry's Dunsparce #576,$3.18
11519236,Pokemon Japanese Start Deck 100 Battle Collection,Larry's Dunsparce [Mirror Holo] #576,
11462955,Pokemon Japanese Start Deck 100 Battle Collection,Larry's Komala #619,$4.32
11519237,Pokemon Japanese Start Deck 100 Battle Collection,Larry's Komala [Mirror Holo] #619,
11462944,Pokemon Japanese Start Deck 100 Battle Collection,Larry's Rufflet #608,$1.79
11519245,Pokemon Japanese Start Deck 100 Battle Collection,Larry's Rufflet [Mirror Holo] #608,
11463056,Pokemon Japanese Start Deck 100 Battle Collection,Larry's Skill #695,
11519262,Pokemon Japanese Start Deck 100 Battle Collection,Larry's Skill [Mirror Holo] #695,
11462928,Pokemon Japanese Start Deck 100 Battle Collection,Larry's Staraptor #592,$2.15
11463092,Pokemon Japanese Start Deck 100 Battle Collection,Larry's Staraptor #756,$25.53
11519261,Pokemon Japanese Start Deck 100 Battle Collection,Larry's Staraptor [Mirror Holo] #592,
11519268,Pokemon Japanese Start Deck 100 Battle Collection,Larry's Staraptor [Mirror Holo] #756,
11462927,Pokemon Japanese Start Deck 100 Battle Collection,Larry's Staravia #591,$1.79
11519264,Pokemon Japanese Start Deck 100 Battle Collection,Larry's Staravia [Mirror Holo] #591,
11462926,Pokemon Japanese Start Deck 100 Battle Collection,Larry's Starly #590,$1.79
11519263,Pokemon Japanese Start Deck 100 Battle Collection,Larry's Starly [Mirror Holo] #590,
11462367,Pokemon Japanese Start Deck 100 Battle Collection,Larvesta #121,$1.59
11519265,Pokemon Japanese Start Deck 100 Battle Collection,Larvesta [Mirror Holo] #121,
11462617,Pokemon Japanese Start Deck 100 Battle Collection,Latias #311,$2.00
11519267,Pokemon Japanese Start Deck 100 Battle Collection,Latias [Mirror Holo] #311,
11462622,Pokemon Japanese Start Deck 100 Battle Collection,Latias ex #312,$4.84
11519691,Pokemon Japanese Start Deck 100 Battle Collection,Latias ex [Mirror Holo] #312,$10.00
11462623,Pokemon Japanese Start Deck 100 Battle Collection,Latios #313,$0.25
11519269,Pokemon Japanese Start Deck 100 Battle Collection,Latios [Mirror Holo] #313,$3.00
11462477,Pokemon Japanese Start Deck 100 Battle Collection,Leafeon #37,$1.94
11519270,Pokemon Japanese Start Deck 100 Battle Collection,Leafeon [Mirror Holo] #37,
11462480,Pokemon Japanese Start Deck 100 Battle Collection,Leafeon ex #38,$1.89
11519692,Pokemon Japanese Start Deck 100 Battle Collection,Leafeon ex [Mirror Holo] #38,$2.00
11462442,Pokemon Japanese Start Deck 100 Battle Collection,Ledian #20,$1.50
11519272,Pokemon Japanese Start Deck 100 Battle Collection,Ledian [Mirror Holo] #20,
11462439,Pokemon Japanese Start Deck 100 Battle Collection,Ledyba #19,$1.77
11519271,Pokemon Japanese Start Deck 100 Battle Collection,Ledyba [Mirror Holo] #19,
11463078,Pokemon Japanese Start Deck 100 Battle Collection,Legacy Energy #741,$3.00
11519276,Pokemon Japanese Start Deck 100 Battle Collection,Legacy Energy [Mirror Holo] #741,
11462646,Pokemon Japanese Start Deck 100 Battle Collection,Lillie's Clefairy ex #287,$8.61
11463101,Pokemon Japanese Start Deck 100 Battle Collection,Lillie's Clefairy ex #765,$603.47
11519694,Pokemon Japanese Start Deck 100 Battle Collection,Lillie's Clefairy ex [Mirror Holo] #287,$8.00
11519695,Pokemon Japanese Start Deck 100 Battle Collection,Lillie's Clefairy ex [Mirror Holo] #765,
11462679,Pokemon Japanese Start Deck 100 Battle Collection,Lillie's Comfey #340,$0.81
11519273,Pokemon Japanese Start Deck 100 Battle Collection,Lillie's Comfey [Mirror Holo] #340,
11462676,Pokemon Japanese Start Deck 100 Battle Collection,Lillie's Cutiefly #338,$1.20
11519274,Pokemon Japanese Start Deck 100 Battle Collection,Lillie's Cutiefly [Mirror Holo] #338,$2.00
11463062,Pokemon Japanese Start Deck 100 Battle Collection,Lillie's Determination #729,$2.56
11519275,Pokemon Japanese Start Deck 100 Battle Collection,Lillie's Determination [Mirror Holo] #729,$1.00
11463050,Pokemon Japanese Start Deck 100 Battle Collection,Lillie's Pearl #692,$1.77
11519277,Pokemon Japanese Start Deck 100 Battle Collection,Lillie's Pearl [Mirror Holo] #692,
11462678,Pokemon Japanese Start Deck 100 Battle Collection,Lillie's Ribombee #339,$1.63
11519278,Pokemon Japanese Start Deck 100 Battle Collection,Lillie's Ribombee [Mirror Holo] #339,$7.00
11463065,Pokemon Japanese Start Deck 100 Battle Collection,Lisia's Appeal #730,$3.00
11519280,Pokemon Japanese Start Deck 100 Battle Collection,Lisia's Appeal [Mirror Holo] #730,
11462373,Pokemon Japanese Start Deck 100 Battle Collection,Litleo #127,$1.90
11519279,Pokemon Japanese Start Deck 100 Battle Collection,Litleo [Mirror Holo] #127,$3.00
11462376,Pokemon Japanese Start Deck 100 Battle Collection,Litten #130,$1.71
11519281,Pokemon Japanese Start Deck 100 Battle Collection,Litten [Mirror Holo] #130,
11462436,Pokemon Japanese Start Deck 100 Battle Collection,Lombre #176,$1.80
11519282,Pokemon Japanese Start Deck 100 Battle Collection,Lombre [Mirror Holo] #176,
11462930,Pokemon Japanese Start Deck 100 Battle Collection,Lopunny #594,$1.77
11519284,Pokemon Japanese Start Deck 100 Battle Collection,Lopunny [Mirror Holo] #594,$2.00
11462434,Pokemon Japanese Start Deck 100 Battle Collection,Lotad #175,$1.77
11519283,Pokemon Japanese Start Deck 100 Battle Collection,Lotad [Mirror Holo] #175,
11463057,Pokemon Japanese Start Deck 100 Battle Collection,Lt. Surge's Bargain #726,$1.00
11519286,Pokemon Japanese Start Deck 100 Battle Collection,Lt. Surge's Bargain [Mirror Holo] #726,
11462719,Pokemon Japanese Start Deck 100 Battle Collection,Lucario ex #380,$4.10
11519696,Pokemon Japanese Start Deck 100 Battle Collection,Lucario ex [Mirror Holo] #380,
11463021,Pokemon Japanese Start Deck 100 Battle Collection,Lucian #707,
11519285,Pokemon Japanese Start Deck 100 Battle Collection,Lucian [Mirror Holo] #707,
11462438,Pokemon Japanese Start Deck 100 Battle Collection,Ludicolo #177,$3.02
11519287,Pokemon Japanese Start Deck 100 Battle Collection,Ludicolo [Mirror Holo] #177,
11462472,Pokemon Japanese Start Deck 100 Battle Collection,Lumineon #196,
11519288,Pokemon Japanese Start Deck 100 Battle Collection,Lumineon [Mirror Holo] #196,
11462709,Pokemon Japanese Start Deck 100 Battle Collection,Lunatone #371,$0.50
11519289,Pokemon Japanese Start Deck 100 Battle Collection,Lunatone [Mirror Holo] #371,
11462585,Pokemon Japanese Start Deck 100 Battle Collection,Luxio #245,$2.01
11519290,Pokemon Japanese Start Deck 100 Battle Collection,Luxio [Mirror Holo] #245,
11462587,Pokemon Japanese Start Deck 100 Battle Collection,Luxray ex #246,$3.20
11519738,Pokemon Japanese Start Deck 100 Battle Collection,Luxray ex [Mirror Holo] #246,
11462740,Pokemon Japanese Start Deck 100 Battle Collection,Lycanroc #403,$2.33
11519292,Pokemon Japanese Start Deck 100 Battle Collection,Lycanroc [Mirror Holo] #403,
11462550,Pokemon Japanese Start Deck 100 Battle Collection,Magcargo ex #96,$1.50
11519699,Pokemon Japanese Start Deck 100 Battle Collection,Magcargo ex [Mirror Holo] #96,$3.00
11462852,Pokemon Japanese Start Deck 100 Battle Collection,Magearna #515,
11519291,Pokemon Japanese Start Deck 100 Battle Collection,Magearna [Mirror Holo] #515,
11462543,Pokemon Japanese Start Deck 100 Battle Collection,Magmar #91,$2.32
11519293,Pokemon Japanese Start Deck 100 Battle Collection,Magmar [Mirror Holo] #91,
11462545,Pokemon Japanese Start Deck 100 Battle Collection,Magmortar #92,$1.50
11519294,Pokemon Japanese Start Deck 100 Battle Collection,Magmortar [Mirror Holo] #92,
11462572,Pokemon Japanese Start Deck 100 Battle Collection,Magnemite #231,$1.50
11519295,Pokemon Japanese Start Deck 100 Battle Collection,Magnemite [Mirror Holo] #231,
11462571,Pokemon Japanese Start Deck 100 Battle Collection,Magneton #232,$1.44
11519296,Pokemon Japanese Start Deck 100 Battle Collection,Magneton [Mirror Holo] #232,
11462703,Pokemon Japanese Start Deck 100 Battle Collection,Mamoswine ex #364,$1.90
11519698,Pokemon Japanese Start Deck 100 Battle Collection,Mamoswine ex [Mirror Holo] #364,
11462811,Pokemon Japanese Start Deck 100 Battle Collection,Mandibuzz ex #475,$1.90
11519701,Pokemon Japanese Start Deck 100 Battle Collection,Mandibuzz ex [Mirror Holo] #475,$2.00
11462583,Pokemon Japanese Start Deck 100 Battle Collection,Manectric #243,$1.45
11519297,Pokemon Japanese Start Deck 100 Battle Collection,Manectric [Mirror Holo] #243,
11462429,Pokemon Japanese Start Deck 100 Battle Collection,Mantine #172,$2.08
11462432,Pokemon Japanese Start Deck 100 Battle Collection,Mantine #173,$1.56
11519298,Pokemon Japanese Start Deck 100 Battle Collection,Mantine [Mirror Holo] #172,
11519299,Pokemon Japanese Start Deck 100 Battle Collection,Mantine [Mirror Holo] #173,
11462659,Pokemon Japanese Start Deck 100 Battle Collection,Marill #294,$1.56
11462661,Pokemon Japanese Start Deck 100 Battle Collection,Marill #295,$1.75
11463084,Pokemon Japanese Start Deck 100 Battle Collection,Marill #748,$50.00
11519300,Pokemon Japanese Start Deck 100 Battle Collection,Marill [Mirror Holo] #294,
11519301,Pokemon Japanese Start Deck 100 Battle Collection,Marill [Mirror Holo] #295,$49.50
11519302,Pokemon Japanese Start Deck 100 Battle Collection,Marill [Mirror Holo] #748,
11462795,Pokemon Japanese Start Deck 100 Battle Collection,Marnie's Liepard #459,$1.50
11519303,Pokemon Japanese Start Deck 100 Battle Collection,Marnie's Liepard [Mirror Holo] #459,
11462797,Pokemon Japanese Start Deck 100 Battle Collection,Marnie's Purrloin #458,$1.20
11519304,Pokemon Japanese Start Deck 100 Battle Collection,Marnie's Purrloin [Mirror Holo] #458,
11462801,Pokemon Japanese Start Deck 100 Battle Collection,Marnie's Scrafty #464,$1.50
11519306,Pokemon Japanese Start Deck 100 Battle Collection,Marnie's Scrafty [Mirror Holo] #464,
11462800,Pokemon Japanese Start Deck 100 Battle Collection,Marnie's Scraggy #463,$1.83
11519305,Pokemon Japanese Start Deck 100 Battle Collection,Marnie's Scraggy [Mirror Holo] #463,
11462745,Pokemon Japanese Start Deck 100 Battle Collection,Marshadow #408,$1.50
11519307,Pokemon Japanese Start Deck 100 Battle Collection,Marshadow [Mirror Holo] #408,
11462833,Pokemon Japanese Start Deck 100 Battle Collection,Mawile #495,$3.30
11463091,Pokemon Japanese Start Deck 100 Battle Collection,Mawile #754,$32.24
11519308,Pokemon Japanese Start Deck 100 Battle Collection,Mawile [Mirror Holo] #495,
11519309,Pokemon Japanese Start Deck 100 Battle Collection,Mawile [Mirror Holo] #754,
11463047,Pokemon Japanese Start Deck 100 Battle Collection,Maximum Belt #691,
11519312,Pokemon Japanese Start Deck 100 Battle Collection,Maximum Belt [Mirror Holo] #691,
11462708,Pokemon Japanese Start Deck 100 Battle Collection,Medicham #369,$1.00
11519310,Pokemon Japanese Start Deck 100 Battle Collection,Medicham [Mirror Holo] #369,
11462710,Pokemon Japanese Start Deck 100 Battle Collection,Medicham ex #370,$1.77
11519700,Pokemon Japanese Start Deck 100 Battle Collection,Medicham ex [Mirror Holo] #370,
11462707,Pokemon Japanese Start Deck 100 Battle Collection,Meditite #368,
11519311,Pokemon Japanese Start Deck 100 Battle Collection,Meditite [Mirror Holo] #368,
11462938,Pokemon Japanese Start Deck 100 Battle Collection,Mega Audino ex #602,$26.08
11463094,Pokemon Japanese Start Deck 100 Battle Collection,Mega Audino ex #759,$25.20
11519703,Pokemon Japanese Start Deck 100 Battle Collection,Mega Audino ex [Mirror Holo] #602,$2.00
11519702,Pokemon Japanese Start Deck 100 Battle Collection,Mega Audino ex [Mirror Holo] #759,
11463102,Pokemon Japanese Start Deck 100 Battle Collection,Mega Charizard Y ex #766,$3799.00
11462533,Pokemon Japanese Start Deck 100 Battle Collection,Mega Charizard Y ex #85,$44.80
11519705,Pokemon Japanese Start Deck 100 Battle Collection,Mega Charizard Y ex [Mirror Holo] #766,
11519704,Pokemon Japanese Start Deck 100 Battle Collection,Mega Charizard Y ex [Mirror Holo] #85,$40.00
11462359,Pokemon Japanese Start Deck 100 Battle Collection,Mega Emboar ex #113,$12.38
11463097,Pokemon Japanese Start Deck 100 Battle Collection,Mega Emboar ex #762,$115.55
11519706,Pokemon Japanese Start Deck 100 Battle Collection,Mega Emboar ex [Mirror Holo] #113,$11.00
11519708,Pokemon Japanese Start Deck 100 Battle Collection,Mega Emboar ex [Mirror Holo] #762,
11462425,Pokemon Japanese Start Deck 100 Battle Collection,Mega Feraligatr ex #169,$30.16
11463100,Pokemon Japanese Start Deck 100 Battle Collection,Mega Feraligatr ex #763,$230.99
11519707,Pokemon Japanese Start Deck 100 Battle Collection,Mega Feraligatr ex [Mirror Holo] #169,$26.00
11519709,Pokemon Japanese Start Deck 100 Battle Collection,Mega Feraligatr ex [Mirror Holo] #763,
11462437,Pokemon Japanese Start Deck 100 Battle Collection,Mega Meganium ex #18,$31.18
11463098,Pokemon Japanese Start Deck 100 Battle Collection,Mega Meganium ex #761,$188.10
11519710,Pokemon Japanese Start Deck 100 Battle Collection,Mega Meganium ex [Mirror Holo] #18,$11.00
11519711,Pokemon Japanese Start Deck 100 Battle Collection,Mega Meganium ex [Mirror Holo] #761,
11462855,Pokemon Japanese Start Deck 100 Battle Collection,Melmetal #518,$1.49
11519313,Pokemon Japanese Start Deck 100 Battle Collection,Melmetal [Mirror Holo] #518,
11462856,Pokemon Japanese Start Deck 100 Battle Collection,Melmetal ex #519,$1.79
11519712,Pokemon Japanese Start Deck 100 Battle Collection,Melmetal ex [Mirror Holo] #519,$2.00
11462853,Pokemon Japanese Start Deck 100 Battle Collection,Meltan #516,$1.40
11462854,Pokemon Japanese Start Deck 100 Battle Collection,Meltan #517,$1.77
11519314,Pokemon Japanese Start Deck 100 Battle Collection,Meltan [Mirror Holo] #516,
11519316,Pokemon Japanese Start Deck 100 Battle Collection,Meltan [Mirror Holo] #517,
11462509,Pokemon Japanese Start Deck 100 Battle Collection,Meowscarada #67,$2.08
11519315,Pokemon Japanese Start Deck 100 Battle Collection,Meowscarada [Mirror Holo] #67,
11462669,Pokemon Japanese Start Deck 100 Battle Collection,Meowstic #332,$1.77
11519317,Pokemon Japanese Start Deck 100 Battle Collection,Meowstic [Mirror Holo] #332,
11462628,Pokemon Japanese Start Deck 100 Battle Collection,Mesprit #315,$1.45
11519318,Pokemon Japanese Start Deck 100 Battle Collection,Mesprit [Mirror Holo] #315,
11462834,Pokemon Japanese Start Deck 100 Battle Collection,Metang #497,$4.00
11519319,Pokemon Japanese Start Deck 100 Battle Collection,Metang [Mirror Holo] #497,
11462733,Pokemon Japanese Start Deck 100 Battle Collection,Mienfoo #395,$1.40
11519320,Pokemon Japanese Start Deck 100 Battle Collection,Mienfoo [Mirror Holo] #395,
11462735,Pokemon Japanese Start Deck 100 Battle Collection,Mienshao #396,$1.40
11519321,Pokemon Japanese Start Deck 100 Battle Collection,Mienshao [Mirror Holo] #396,
11462789,Pokemon Japanese Start Deck 100 Battle Collection,Mightyena #452,$2.00
11463089,Pokemon Japanese Start Deck 100 Battle Collection,Mightyena #753,$25.00
11519322,Pokemon Japanese Start Deck 100 Battle Collection,Mightyena [Mirror Holo] #452,
11519323,Pokemon Japanese Start Deck 100 Battle Collection,Mightyena [Mirror Holo] #753,
11462451,Pokemon Japanese Start Deck 100 Battle Collection,Milotic ex #185,$1.88
11519713,Pokemon Japanese Start Deck 100 Battle Collection,Milotic ex [Mirror Holo] #185,$4.00
11462915,Pokemon Japanese Start Deck 100 Battle Collection,Miltank #578,$3.19
11519327,Pokemon Japanese Start Deck 100 Battle Collection,Miltank [Mirror Holo] #578,
11462939,Pokemon Japanese Start Deck 100 Battle Collection,Minccino #603,$1.40
11519325,Pokemon Japanese Start Deck 100 Battle Collection,Minccino [Mirror Holo] #603,
11462641,Pokemon Japanese Start Deck 100 Battle Collection,Miraidon #283,$1.50
11462888,Pokemon Japanese Start Deck 100 Battle Collection,Miraidon #552,$1.93
11519330,Pokemon Japanese Start Deck 100 Battle Collection,Miraidon [Mirror Holo] #283,
11519326,Pokemon Japanese Start Deck 100 Battle Collection,Miraidon [Mirror Holo] #552,
11462642,Pokemon Japanese Start Deck 100 Battle Collection,Miraidon ex #284,$2.02
11462889,Pokemon Japanese Start Deck 100 Battle Collection,Miraidon ex #553,$1.77
11519714,Pokemon Japanese Start Deck 100 Battle Collection,Miraidon ex [Mirror Holo] #284,$3.00
11519715,Pokemon Japanese Start Deck 100 Battle Collection,Miraidon ex [Mirror Holo] #553,
11463105,Pokemon Japanese Start Deck 100 Battle Collection,Misty's Gyarados #158,$2.73
11519328,Pokemon Japanese Start Deck 100 Battle Collection,Misty's Gyarados [Mirror Holo] #158,
11462409,Pokemon Japanese Start Deck 100 Battle Collection,Misty's Lapras #160,$1.50
11519334,Pokemon Japanese Start Deck 100 Battle Collection,Misty's Lapras [Mirror Holo] #160,
11462406,Pokemon Japanese Start Deck 100 Battle Collection,Misty's Magikarp #157,$1.57
11519329,Pokemon Japanese Start Deck 100 Battle Collection,Misty's Magikarp [Mirror Holo] #157,
11462404,Pokemon Japanese Start Deck 100 Battle Collection,Misty's Starmie #156,$1.50
11519335,Pokemon Japanese Start Deck 100 Battle Collection,Misty's Starmie [Mirror Holo] #156,
11462403,Pokemon Japanese Start Deck 100 Battle Collection,Misty's Staryu #155,$1.50
11519331,Pokemon Japanese Start Deck 100 Battle Collection,Misty's Staryu [Mirror Holo] #155,
11462350,Pokemon Japanese Start Deck 100 Battle Collection,Monferno #104,$1.50
11519332,Pokemon Japanese Start Deck 100 Battle Collection,Monferno [Mirror Holo] #104,
11462500,Pokemon Japanese Start Deck 100 Battle Collection,Morelull #58,$1.50
11519333,Pokemon Japanese Start Deck 100 Battle Collection,Morelull [Mirror Holo] #58,
11462682,Pokemon Japanese Start Deck 100 Battle Collection,Morgrem #344,$2.00
11519336,Pokemon Japanese Start Deck 100 Battle Collection,Morgrem [Mirror Holo] #344,
11462619,Pokemon Japanese Start Deck 100 Battle Collection,Morpeko #270,$0.50
11519337,Pokemon Japanese Start Deck 100 Battle Collection,Morpeko [Mirror Holo] #270,$1.00
11463059,Pokemon Japanese Start Deck 100 Battle Collection,Morty's Conviction #727,
11519338,Pokemon Japanese Start Deck 100 Battle Collection,Morty's Conviction [Mirror Holo] #727,
11462741,Pokemon Japanese Start Deck 100 Battle Collection,Mudbray #404,
11519339,Pokemon Japanese Start Deck 100 Battle Collection,Mudbray [Mirror Holo] #404,
11462742,Pokemon Japanese Start Deck 100 Battle Collection,Mudsdale #405,
11462743,Pokemon Japanese Start Deck 100 Battle Collection,Mudsdale #406,$2.00
11519340,Pokemon Japanese Start Deck 100 Battle Collection,Mudsdale [Mirror Holo] #405,
11519341,Pokemon Japanese Start Deck 100 Battle Collection,Mudsdale [Mirror Holo] #406,
11462696,Pokemon Japanese Start Deck 100 Battle Collection,Munkidori #358,$2.20
11519342,Pokemon Japanese Start Deck 100 Battle Collection,Munkidori [Mirror Holo] #358,
11462365,Pokemon Japanese Start Deck 100 Battle Collection,N's Darmanitan #119,$1.45
11519345,Pokemon Japanese Start Deck 100 Battle Collection,N's Darmanitan [Mirror Holo] #119,
11462364,Pokemon Japanese Start Deck 100 Battle Collection,N's Darumaka #118,$1.45
11519343,Pokemon Japanese Start Deck 100 Battle Collection,N's Darumaka [Mirror Holo] #118,
11462972,Pokemon Japanese Start Deck 100 Battle Collection,N's PP Up #635,$2.32
11519344,Pokemon Japanese Start Deck 100 Battle Collection,N's PP Up [Mirror Holo] #635,
11463013,Pokemon Japanese Start Deck 100 Battle Collection,N's Plan #701,$4.00
11519346,Pokemon Japanese Start Deck 100 Battle Collection,N's Plan [Mirror Holo] #701,
11462793,Pokemon Japanese Start Deck 100 Battle Collection,N's Purrloin #457,$1.50
11519347,Pokemon Japanese Start Deck 100 Battle Collection,N's Purrloin [Mirror Holo] #457,
11462882,Pokemon Japanese Start Deck 100 Battle Collection,N's Reshiram #545,$1.50
11519348,Pokemon Japanese Start Deck 100 Battle Collection,N's Reshiram [Mirror Holo] #545,
11462806,Pokemon Japanese Start Deck 100 Battle Collection,N's Zoroark ex #470,$4.13
11519716,Pokemon Japanese Start Deck 100 Battle Collection,N's Zoroark ex [Mirror Holo] #470,$6.00
11462808,Pokemon Japanese Start Deck 100 Battle Collection,N's Zorua #469,$1.99
11519349,Pokemon Japanese Start Deck 100 Battle Collection,N's Zorua [Mirror Holo] #469,
11462753,Pokemon Japanese Start Deck 100 Battle Collection,Nacli #416,$1.50
11519350,Pokemon Japanese Start Deck 100 Battle Collection,Nacli [Mirror Holo] #416,
11462754,Pokemon Japanese Start Deck 100 Battle Collection,Naclstack #417,
11519351,Pokemon Japanese Start Deck 100 Battle Collection,Naclstack [Mirror Holo] #417,
11463006,Pokemon Japanese Start Deck 100 Battle Collection,Night Stretcher #670,
11519352,Pokemon Japanese Start Deck 100 Battle Collection,Night Stretcher [Mirror Holo] #670,
11462910,Pokemon Japanese Start Deck 100 Battle Collection,Noctowl #573,
11519353,Pokemon Japanese Start Deck 100 Battle Collection,Noctowl [Mirror Holo] #573,
11462950,Pokemon Japanese Start Deck 100 Battle Collection,Noibat #614,$1.64
11519354,Pokemon Japanese Start Deck 100 Battle Collection,Noibat [Mirror Holo] #614,
11462951,Pokemon Japanese Start Deck 100 Battle Collection,Noivern #615,$1.50
11519355,Pokemon Japanese Start Deck 100 Battle Collection,Noivern [Mirror Holo] #615,
11463017,Pokemon Japanese Start Deck 100 Battle Collection,Occa Berry #678,
11519356,Pokemon Japanese Start Deck 100 Battle Collection,Occa Berry [Mirror Holo] #678,
11462976,Pokemon Japanese Start Deck 100 Battle Collection,Ogre's Mask #641,$2.00
11519364,Pokemon Japanese Start Deck 100 Battle Collection,Ogre's Mask [Mirror Holo] #641,
11462763,Pokemon Japanese Start Deck 100 Battle Collection,Okidogi #426,
11519357,Pokemon Japanese Start Deck 100 Battle Collection,Okidogi [Mirror Holo] #426,
11462825,Pokemon Japanese Start Deck 100 Battle Collection,Okidogi ex #488,$1.40
11519718,Pokemon Japanese Start Deck 100 Battle Collection,Okidogi ex [Mirror Holo] #488,
11462954,Pokemon Japanese Start Deck 100 Battle Collection,Oranguru #618,
11519358,Pokemon Japanese Start Deck 100 Battle Collection,Oranguru [Mirror Holo] #618,$1.00
11462379,Pokemon Japanese Start Deck 100 Battle Collection,Oricorio #133,
11462674,Pokemon Japanese Start Deck 100 Battle Collection,Oricorio #336,$0.25
11462675,Pokemon Japanese Start Deck 100 Battle Collection,Oricorio #337,$0.50
11519359,Pokemon Japanese Start Deck 100 Battle Collection,Oricorio [Mirror Holo] #133,
11519361,Pokemon Japanese Start Deck 100 Battle Collection,Oricorio [Mirror Holo] #336,
11519360,Pokemon Japanese Start Deck 100 Battle Collection,Oricorio [Mirror Holo] #337,
11462870,Pokemon Japanese Start Deck 100 Battle Collection,Orthworm ex #533,$2.99
11519717,Pokemon Japanese Start Deck 100 Battle Collection,Orthworm ex [Mirror Holo] #533,
11462586,Pokemon Japanese Start Deck 100 Battle Collection,Pachirisu #247,$2.22
11519362,Pokemon Japanese Start Deck 100 Battle Collection,Pachirisu [Mirror Holo] #247,$3.00
11462554,Pokemon Japanese Start Deck 100 Battle Collection,Palafin #215,$1.50
11519363,Pokemon Japanese Start Deck 100 Battle Collection,Palafin [Mirror Holo] #215,
11462555,Pokemon Japanese Start Deck 100 Battle Collection,Palafin ex #216,$3.29
11519719,Pokemon Japanese Start Deck 100 Battle Collection,Palafin ex [Mirror Holo] #216,$2.00
11463110,Pokemon Japanese Start Deck 100 Battle Collection,Paldean Tauros #93,$1.40
11519365,Pokemon Japanese Start Deck 100 Battle Collection,Paldean Tauros [Mirror Holo] #93,
11463111,Pokemon Japanese Start Deck 100 Battle Collection,Pancham #399,$1.64
11519367,Pokemon Japanese Start Deck 100 Battle Collection,Pancham [Mirror Holo] #399,
11462816,Pokemon Japanese Start Deck 100 Battle Collection,Pangoro #479,$1.64
11519366,Pokemon Japanese Start Deck 100 Battle Collection,Pangoro [Mirror Holo] #479,
11462360,Pokemon Japanese Start Deck 100 Battle Collection,Pansear #114,
11519368,Pokemon Japanese Start Deck 100 Battle Collection,Pansear [Mirror Holo] #114,
11462407,Pokemon Japanese Start Deck 100 Battle Collection,Paras #4,$1.49
11519369,Pokemon Japanese Start Deck 100 Battle Collection,Paras [Mirror Holo] #4,
11462410,Pokemon Japanese Start Deck 100 Battle Collection,Parasect #5,$2.00
11519370,Pokemon Japanese Start Deck 100 Battle Collection,Parasect [Mirror Holo] #5,
11463012,Pokemon Japanese Start Deck 100 Battle Collection,Passho Berry #676,
11519371,Pokemon Japanese Start Deck 100 Battle Collection,Passho Berry [Mirror Holo] #676,
11462744,Pokemon Japanese Start Deck 100 Battle Collection,Passimian #407,
11519372,Pokemon Japanese Start Deck 100 Battle Collection,Passimian [Mirror Holo] #407,
11462807,Pokemon Japanese Start Deck 100 Battle Collection,Pawniard #471,
11462847,Pokemon Japanese Start Deck 100 Battle Collection,Pawniard #510,
11519373,Pokemon Japanese Start Deck 100 Battle Collection,Pawniard [Mirror Holo] #471,
11519375,Pokemon Japanese Start Deck 100 Battle Collection,Pawniard [Mirror Holo] #510,
11463014,Pokemon Japanese Start Deck 100 Battle Collection,Payapa Berry #677,
11519374,Pokemon Japanese Start Deck 100 Battle Collection,Payapa Berry [Mirror Holo] #677,
11462828,Pokemon Japanese Start Deck 100 Battle Collection,Pecharunt #490,$3.54
11519376,Pokemon Japanese Start Deck 100 Battle Collection,Pecharunt [Mirror Holo] #490,
11462827,Pokemon Japanese Start Deck 100 Battle Collection,Pecharunt ex #491,$7.15
11519721,Pokemon Japanese Start Deck 100 Battle Collection,Pecharunt ex [Mirror Holo] #491,
11463025,Pokemon Japanese Start Deck 100 Battle Collection,Perrin #709,$3.19
11519377,Pokemon Japanese Start Deck 100 Battle Collection,Perrin [Mirror Holo] #709,
11462704,Pokemon Japanese Start Deck 100 Battle Collection,Phanpy #365,$1.50
11519378,Pokemon Japanese Start Deck 100 Battle Collection,Phanpy [Mirror Holo] #365,
11462496,Pokemon Japanese Start Deck 100 Battle Collection,Phantump #55,$1.77
11519379,Pokemon Japanese Start Deck 100 Battle Collection,Phantump [Mirror Holo] #55,$4.00
11462934,Pokemon Japanese Start Deck 100 Battle Collection,Pidove #598,$1.42
11519382,Pokemon Japanese Start Deck 100 Battle Collection,Pidove [Mirror Holo] #598,
11462356,Pokemon Japanese Start Deck 100 Battle Collection,Pignite #110,$1.77
11462357,Pokemon Japanese Start Deck 100 Battle Collection,Pignite #111,$2.13
11519380,Pokemon Japanese Start Deck 100 Battle Collection,Pignite [Mirror Holo] #110,
11519385,Pokemon Japanese Start Deck 100 Battle Collection,Pignite [Mirror Holo] #111,
11462564,Pokemon Japanese Start Deck 100 Battle Collection,Pikachu #225,$11.41
11519381,Pokemon Japanese Start Deck 100 Battle Collection,Pikachu [Mirror Holo] #225,$14.99
11462566,Pokemon Japanese Start Deck 100 Battle Collection,Pikachu ex #227,$7.09
11463099,Pokemon Japanese Start Deck 100 Battle Collection,Pikachu ex #764,$1500.00
11519720,Pokemon Japanese Start Deck 100 Battle Collection,Pikachu ex [Mirror Holo] #227,
11519722,Pokemon Japanese Start Deck 100 Battle Collection,Pikachu ex [Mirror Holo] #764,
11462702,Pokemon Japanese Start Deck 100 Battle Collection,Piloswine #363,
11519383,Pokemon Japanese Start Deck 100 Battle Collection,Piloswine [Mirror Holo] #363,
11463005,Pokemon Japanese Start Deck 100 Battle Collection,Poke Ball #669,$0.50
11519384,Pokemon Japanese Start Deck 100 Battle Collection,Poke Ball [Mirror Holo] #669,
11462998,Pokemon Japanese Start Deck 100 Battle Collection,Poke Pad #662,$2.00
11519386,Pokemon Japanese Start Deck 100 Battle Collection,Poke Pad [Mirror Holo] #662,$4.00
11462996,Pokemon Japanese Start Deck 100 Battle Collection,Poke Vital A #661,$0.50
11519387,Pokemon Japanese Start Deck 100 Battle Collection,Poke Vital A [Mirror Holo] #661,
11462997,Pokemon Japanese Start Deck 100 Battle Collection,Pokegear 3.0 #660,
11519388,Pokemon Japanese Start Deck 100 Battle Collection,Pokegear 3.0 [Mirror Holo] #660,
11463002,Pokemon Japanese Start Deck 100 Battle Collection,Pokemon Catcher #665,$0.50
11519389,Pokemon Japanese Start Deck 100 Battle Collection,Pokemon Catcher [Mirror Holo] #665,$2.00
11462522,Pokemon Japanese Start Deck 100 Battle Collection,Poltchageist #78,$1.69
11519395,Pokemon Japanese Start Deck 100 Battle Collection,Poltchageist [Mirror Holo] #78,
11462535,Pokemon Japanese Start Deck 100 Battle Collection,Ponyta #86,$1.79
11462536,Pokemon Japanese Start Deck 100 Battle Collection,Ponyta #87,$1.62
11519391,Pokemon Japanese Start Deck 100 Battle Collection,Ponyta [Mirror Holo] #86,
11519390,Pokemon Japanese Start Deck 100 Battle Collection,Ponyta [Mirror Holo] #87,$2.00
11462788,Pokemon Japanese Start Deck 100 Battle Collection,Poochyena #451,$1.45
11519393,Pokemon Japanese Start Deck 100 Battle Collection,Poochyena [Mirror Holo] #451,
11462979,Pokemon Japanese Start Deck 100 Battle Collection,Potion #643,$0.25
11519394,Pokemon Japanese Start Deck 100 Battle Collection,Potion [Mirror Holo] #643,
11463030,Pokemon Japanese Start Deck 100 Battle Collection,Powerglass #683,
11519396,Pokemon Japanese Start Deck 100 Battle Collection,Powerglass [Mirror Holo] #683,
11462994,Pokemon Japanese Start Deck 100 Battle Collection,Precious Trolley #658,$6.00
11519397,Pokemon Japanese Start Deck 100 Battle Collection,Precious Trolley [Mirror Holo] #658,
11462988,Pokemon Japanese Start Deck 100 Battle Collection,Premium Power Pro #652,$0.25
11519398,Pokemon Japanese Start Deck 100 Battle Collection,Premium Power Pro [Mirror Holo] #652,
11462992,Pokemon Japanese Start Deck 100 Battle Collection,Prime Catcher #656,$3.00
11519399,Pokemon Japanese Start Deck 100 Battle Collection,Prime Catcher [Mirror Holo] #656,
11463075,Pokemon Japanese Start Deck 100 Battle Collection,Prism Energy #739,$0.25
11519400,Pokemon Japanese Start Deck 100 Battle Collection,Prism Energy [Mirror Holo] #739,
11462932,Pokemon Japanese Start Deck 100 Battle Collection,Purugly #596,$0.50
11519402,Pokemon Japanese Start Deck 100 Battle Collection,Purugly [Mirror Holo] #596,$3.00
11462374,Pokemon Japanese Start Deck 100 Battle Collection,Pyroar #128,$1.77
11519403,Pokemon Japanese Start Deck 100 Battle Collection,Pyroar [Mirror Holo] #128,$2.00
11462544,Pokemon Japanese Start Deck 100 Battle Collection,Quaquaval #213,
11519408,Pokemon Japanese Start Deck 100 Battle Collection,Quaquaval [Mirror Holo] #213,$2.00
11462541,Pokemon Japanese Start Deck 100 Battle Collection,Quaxly #211,$3.04
11519404,Pokemon Japanese Start Deck 100 Battle Collection,Quaxly [Mirror Holo] #211,$3.00
11462542,Pokemon Japanese Start Deck 100 Battle Collection,Quaxwell #212,$1.20
11519405,Pokemon Japanese Start Deck 100 Battle Collection,Quaxwell [Mirror Holo] #212,
11462384,Pokemon Japanese Start Deck 100 Battle Collection,Raboot #138,$1.00
11519406,Pokemon Japanese Start Deck 100 Battle Collection,Raboot [Mirror Holo] #138,
11462891,Pokemon Japanese Start Deck 100 Battle Collection,Raging Bolt ex #554,$3.20
11519724,Pokemon Japanese Start Deck 100 Battle Collection,Raging Bolt ex [Mirror Holo] #554,
11462563,Pokemon Japanese Start Deck 100 Battle Collection,Raichu #226,$2.22
11519407,Pokemon Japanese Start Deck 100 Battle Collection,Raichu [Mirror Holo] #226,$2.74
11462539,Pokemon Japanese Start Deck 100 Battle Collection,Rapidash #88,$1.71
11462540,Pokemon Japanese Start Deck 100 Battle Collection,Rapidash #89,$1.50
11462547,Pokemon Japanese Start Deck 100 Battle Collection,Rapidash #90,$2.01
11519409,Pokemon Japanese Start Deck 100 Battle Collection,Rapidash [Mirror Holo] #88,
11519410,Pokemon Japanese Start Deck 100 Battle Collection,Rapidash [Mirror Holo] #89,
11519412,Pokemon Japanese Start Deck 100 Battle Collection,Rapidash [Mirror Holo] #90,$2.00
11462991,Pokemon Japanese Start Deck 100 Battle Collection,Rare Candy #655,$2.00
11519411,Pokemon Japanese Start Deck 100 Battle Collection,Rare Candy [Mirror Holo] #655,
11463007,Pokemon Japanese Start Deck 100 Battle Collection,Reboot Pod #671,
11519413,Pokemon Japanese Start Deck 100 Battle Collection,Reboot Pod [Mirror Holo] #671,
11462464,Pokemon Japanese Start Deck 100 Battle Collection,Regice #191,$1.50
11519414,Pokemon Japanese Start Deck 100 Battle Collection,Regice [Mirror Holo] #191,
11462463,Pokemon Japanese Start Deck 100 Battle Collection,Regice ex #192,$2.02
11519723,Pokemon Japanese Start Deck 100 Battle Collection,Regice ex [Mirror Holo] #192,$3.00
11462712,Pokemon Japanese Start Deck 100 Battle Collection,Regirock #373,$1.50
11519416,Pokemon Japanese Start Deck 100 Battle Collection,Regirock [Mirror Holo] #373,
11462713,Pokemon Japanese Start Deck 100 Battle Collection,Regirock ex #374,$1.95
11519725,Pokemon Japanese Start Deck 100 Battle Collection,Regirock ex [Mirror Holo] #374,$2.00
11462835,Pokemon Japanese Start Deck 100 Battle Collection,Registeel #498,$1.77
11519417,Pokemon Japanese Start Deck 100 Battle Collection,Registeel [Mirror Holo] #498,
11462836,Pokemon Japanese Start Deck 100 Battle Collection,Registeel ex #499,$1.90
11519726,Pokemon Japanese Start Deck 100 Battle Collection,Registeel ex [Mirror Holo] #499,$5.00
11463004,Pokemon Japanese Start Deck 100 Battle Collection,Repel #668,
11519418,Pokemon Japanese Start Deck 100 Battle Collection,Repel [Mirror Holo] #668,
11462371,Pokemon Japanese Start Deck 100 Battle Collection,Reshiram #125,$2.51
11519419,Pokemon Japanese Start Deck 100 Battle Collection,Reshiram [Mirror Holo] #125,
11462372,Pokemon Japanese Start Deck 100 Battle Collection,Reshiram ex #126,$1.82
11519728,Pokemon Japanese Start Deck 100 Battle Collection,Reshiram ex [Mirror Holo] #126,$3.00
11462868,Pokemon Japanese Start Deck 100 Battle Collection,Revavroom #532,$1.79
11519420,Pokemon Japanese Start Deck 100 Battle Collection,Revavroom [Mirror Holo] #532,
11462718,Pokemon Japanese Start Deck 100 Battle Collection,Riolu #379,$2.42
11519421,Pokemon Japanese Start Deck 100 Battle Collection,Riolu [Mirror Holo] #379,
11462737,Pokemon Japanese Start Deck 100 Battle Collection,Rockruff #402,$1.74
11519422,Pokemon Japanese Start Deck 100 Battle Collection,Rockruff [Mirror Holo] #402,
11462746,Pokemon Japanese Start Deck 100 Battle Collection,Rolycoly #409,$1.64
11519423,Pokemon Japanese Start Deck 100 Battle Collection,Rolycoly [Mirror Holo] #409,
11462462,Pokemon Japanese Start Deck 100 Battle Collection,Roselia #30,
11519424,Pokemon Japanese Start Deck 100 Battle Collection,Roselia [Mirror Holo] #30,$4.00
11462465,Pokemon Japanese Start Deck 100 Battle Collection,Roserade #31,
11519425,Pokemon Japanese Start Deck 100 Battle Collection,Roserade [Mirror Holo] #31,
11462588,Pokemon Japanese Start Deck 100 Battle Collection,Rotom #248,$1.50
11519426,Pokemon Japanese Start Deck 100 Battle Collection,Rotom [Mirror Holo] #248,
11462942,Pokemon Japanese Start Deck 100 Battle Collection,Rufflet #606,
11519427,Pokemon Japanese Start Deck 100 Battle Collection,Rufflet [Mirror Holo] #606,
11462790,Pokemon Japanese Start Deck 100 Battle Collection,Sableye #453,$4.00
11519428,Pokemon Japanese Start Deck 100 Battle Collection,Sableye [Mirror Holo] #453,
11462877,Pokemon Japanese Start Deck 100 Battle Collection,Salamence ex #540,$1.95
11519727,Pokemon Japanese Start Deck 100 Battle Collection,Salamence ex [Mirror Holo] #540,$5.00
11462380,Pokemon Japanese Start Deck 100 Battle Collection,Salandit #134,
11519429,Pokemon Japanese Start Deck 100 Battle Collection,Salandit [Mirror Holo] #134,
11462381,Pokemon Japanese Start Deck 100 Battle Collection,Salazzle #135,
11463080,Pokemon Japanese Start Deck 100 Battle Collection,Salazzle #744,$12.63
11519430,Pokemon Japanese Start Deck 100 Battle Collection,Salazzle [Mirror Holo] #135,
11519431,Pokemon Japanese Start Deck 100 Battle Collection,Salazzle [Mirror Holo] #744,
11463033,Pokemon Japanese Start Deck 100 Battle Collection,Salvatore #714,
11519433,Pokemon Japanese Start Deck 100 Battle Collection,Salvatore [Mirror Holo] #714,
11462761,Pokemon Japanese Start Deck 100 Battle Collection,Sandy Shocks #424,$1.97
11519432,Pokemon Japanese Start Deck 100 Battle Collection,Sandy Shocks [Mirror Holo] #424,
11462730,Pokemon Japanese Start Deck 100 Battle Collection,Sawk #391,
11519434,Pokemon Japanese Start Deck 100 Battle Collection,Sawk [Mirror Holo] #391,
11462829,Pokemon Japanese Start Deck 100 Battle Collection,Scizor ex #492,$1.78
11519729,Pokemon Japanese Start Deck 100 Battle Collection,Scizor ex [Mirror Holo] #492,$7.00
11462799,Pokemon Japanese Start Deck 100 Battle Collection,Scolipede #462,
11519435,Pokemon Japanese Start Deck 100 Battle Collection,Scolipede [Mirror Holo] #462,$5.00
11463000,Pokemon Japanese Start Deck 100 Battle Collection,Scoop Up Cyclone #664,$3.00
11519437,Pokemon Japanese Start Deck 100 Battle Collection,Scoop Up Cyclone [Mirror Holo] #664,
11462383,Pokemon Japanese Start Deck 100 Battle Collection,Scorbunny #137,$0.50
11463081,Pokemon Japanese Start Deck 100 Battle Collection,Scorbunny #745,$34.47
11519436,Pokemon Japanese Start Deck 100 Battle Collection,Scorbunny [Mirror Holo] #137,
11519438,Pokemon Japanese Start Deck 100 Battle Collection,Scorbunny [Mirror Holo] #745,
11462393,Pokemon Japanese Start Deck 100 Battle Collection,Scovillain ex #147,$1.50
11519730,Pokemon Japanese Start Deck 100 Battle Collection,Scovillain ex [Mirror Holo] #147,$0.50
11462982,Pokemon Japanese Start Deck 100 Battle Collection,Scramble Switch #646,$0.50
11519439,Pokemon Japanese Start Deck 100 Battle Collection,Scramble Switch [Mirror Holo] #646,
11462691,Pokemon Japanese Start Deck 100 Battle Collection,Scream Tail #352,$2.14
11519440,Pokemon Japanese Start Deck 100 Battle Collection,Scream Tail [Mirror Holo] #352,
11462692,Pokemon Japanese Start Deck 100 Battle Collection,Scream Tail ex #353,$1.81
11519732,Pokemon Japanese Start Deck 100 Battle Collection,Scream Tail ex [Mirror Holo] #353,
11462428,Pokemon Japanese Start Deck 100 Battle Collection,Scyther #15,$2.38
11519441,Pokemon Japanese Start Deck 100 Battle Collection,Scyther [Mirror Holo] #15,
11462399,Pokemon Japanese Start Deck 100 Battle Collection,Seadra #153,$0.50
11519442,Pokemon Japanese Start Deck 100 Battle Collection,Seadra [Mirror Holo] #153,
11501766,Pokemon Japanese Start Deck 100 Battle Collection,Sealed Deck,$49.28
11462458,Pokemon Japanese Start Deck 100 Battle Collection,Sealeo #189,$1.50
11519447,Pokemon Japanese Start Deck 100 Battle Collection,Sealeo [Mirror Holo] #189,
11462907,Pokemon Japanese Start Deck 100 Battle Collection,Sentret #570,$1.40
11519443,Pokemon Japanese Start Deck 100 Battle Collection,Sentret [Mirror Holo] #570,
11462484,Pokemon Japanese Start Deck 100 Battle Collection,Serperior ex #42,$1.64
11519731,Pokemon Japanese Start Deck 100 Battle Collection,Serperior ex [Mirror Holo] #42,$5.00
11462483,Pokemon Japanese Start Deck 100 Battle Collection,Servine #41,$2.00
11519444,Pokemon Japanese Start Deck 100 Battle Collection,Servine [Mirror Holo] #41,
11462441,Pokemon Japanese Start Deck 100 Battle Collection,Sharpedo #179,$2.21
11519446,Pokemon Japanese Start Deck 100 Battle Collection,Sharpedo [Mirror Holo] #179,
11462481,Pokemon Japanese Start Deck 100 Battle Collection,Shaymin #39,$1.45
11519445,Pokemon Japanese Start Deck 100 Battle Collection,Shaymin [Mirror Holo] #39,
11462876,Pokemon Japanese Start Deck 100 Battle Collection,Shelgon #539,
11519448,Pokemon Japanese Start Deck 100 Battle Collection,Shelgon [Mirror Holo] #539,
11462501,Pokemon Japanese Start Deck 100 Battle Collection,Shiinotic #59,$1.50
11519449,Pokemon Japanese Start Deck 100 Battle Collection,Shiinotic [Mirror Holo] #59,
11462584,Pokemon Japanese Start Deck 100 Battle Collection,Shinx #244,$1.74
11519450,Pokemon Japanese Start Deck 100 Battle Collection,Shinx [Mirror Holo] #244,
11462453,Pokemon Japanese Start Deck 100 Battle Collection,Shroomish #26,$1.75
11462456,Pokemon Japanese Start Deck 100 Battle Collection,Shroomish #27,$1.74
11519451,Pokemon Japanese Start Deck 100 Battle Collection,Shroomish [Mirror Holo] #26,
11519452,Pokemon Japanese Start Deck 100 Battle Collection,Shroomish [Mirror Holo] #27,
11462447,Pokemon Japanese Start Deck 100 Battle Collection,Shuckle #23,$2.83
11519454,Pokemon Japanese Start Deck 100 Battle Collection,Shuckle [Mirror Holo] #23,
11462612,Pokemon Japanese Start Deck 100 Battle Collection,Shuppet #307,$1.49
11519455,Pokemon Japanese Start Deck 100 Battle Collection,Shuppet [Mirror Holo] #307,
11462639,Pokemon Japanese Start Deck 100 Battle Collection,Sigilyph #318,
11519613,Pokemon Japanese Start Deck 100 Battle Collection,Sigilyph [Mirror Holo] #318,
11462361,Pokemon Japanese Start Deck 100 Battle Collection,Simisear #115,
11519456,Pokemon Japanese Start Deck 100 Battle Collection,Simisear [Mirror Holo] #115,
11462523,Pokemon Japanese Start Deck 100 Battle Collection,Sinistcha ex #79,$1.50
11519734,Pokemon Japanese Start Deck 100 Battle Collection,Sinistcha ex [Mirror Holo] #79,
11462386,Pokemon Japanese Start Deck 100 Battle Collection,Sizzlipede #140,$1.49
11519457,Pokemon Japanese Start Deck 100 Battle Collection,Sizzlipede [Mirror Holo] #140,
11462830,Pokemon Japanese Start Deck 100 Battle Collection,Skarmory #493,$1.64
11519460,Pokemon Japanese Start Deck 100 Battle Collection,Skarmory [Mirror Holo] #493,
11462390,Pokemon Japanese Start Deck 100 Battle Collection,Skeledirge #144,$1.77
11519458,Pokemon Japanese Start Deck 100 Battle Collection,Skeledirge [Mirror Holo] #144,$2.00
11462920,Pokemon Japanese Start Deck 100 Battle Collection,Skitty #584,$1.50
11462921,Pokemon Japanese Start Deck 100 Battle Collection,Skitty #585,$1.50
11519459,Pokemon Japanese Start Deck 100 Battle Collection,Skitty [Mirror Holo] #584,
11519614,Pokemon Japanese Start Deck 100 Battle Collection,Skitty [Mirror Holo] #585,
11463114,Pokemon Japanese Start Deck 100 Battle Collection,Slaking ex #583,$1.96
11519733,Pokemon Japanese Start Deck 100 Battle Collection,Slaking ex [Mirror Holo] #583,
11462917,Pokemon Japanese Start Deck 100 Battle Collection,Slakoth #581,$1.63
11519461,Pokemon Japanese Start Deck 100 Battle Collection,Slakoth [Mirror Holo] #581,
11462760,Pokemon Japanese Start Deck 100 Battle Collection,Slither Wing #423,$1.74
11519462,Pokemon Japanese Start Deck 100 Battle Collection,Slither Wing [Mirror Holo] #423,
11462549,Pokemon Japanese Start Deck 100 Battle Collection,Slugma #95,
11519463,Pokemon Japanese Start Deck 100 Battle Collection,Slugma [Mirror Holo] #95,$2.00
11462677,Pokemon Japanese Start Deck 100 Battle Collection,Slurpuff #334,$1.05
11463087,Pokemon Japanese Start Deck 100 Battle Collection,Slurpuff #750,$25.46
11519464,Pokemon Japanese Start Deck 100 Battle Collection,Slurpuff [Mirror Holo] #334,
11519466,Pokemon Japanese Start Deck 100 Battle Collection,Slurpuff [Mirror Holo] #750,
11462511,Pokemon Japanese Start Deck 100 Battle Collection,Smoliv #69,$3.58
11519465,Pokemon Japanese Start Deck 100 Battle Collection,Smoliv [Mirror Holo] #69,$4.00
11462426,Pokemon Japanese Start Deck 100 Battle Collection,Sneasel #170,$1.50
11519467,Pokemon Japanese Start Deck 100 Battle Collection,Sneasel [Mirror Holo] #170,
11462482,Pokemon Japanese Start Deck 100 Battle Collection,Snivy #40,$2.00
11519468,Pokemon Japanese Start Deck 100 Battle Collection,Snivy [Mirror Holo] #40,
11462904,Pokemon Japanese Start Deck 100 Battle Collection,Snorlax #567,$1.50
11462906,Pokemon Japanese Start Deck 100 Battle Collection,Snorlax #568,$3.49
11519469,Pokemon Japanese Start Deck 100 Battle Collection,Snorlax [Mirror Holo] #567,
11519470,Pokemon Japanese Start Deck 100 Battle Collection,Snorlax [Mirror Holo] #568,$2.99
11462454,Pokemon Japanese Start Deck 100 Battle Collection,Snorunt #186,$2.01
11519471,Pokemon Japanese Start Deck 100 Battle Collection,Snorunt [Mirror Holo] #186,
11462605,Pokemon Japanese Start Deck 100 Battle Collection,Snubbull #303,$1.50
11519472,Pokemon Japanese Start Deck 100 Battle Collection,Snubbull [Mirror Holo] #303,
11462711,Pokemon Japanese Start Deck 100 Battle Collection,Solrock #372,$0.50
11519473,Pokemon Japanese Start Deck 100 Battle Collection,Solrock [Mirror Holo] #372,
11463024,Pokemon Japanese Start Deck 100 Battle Collection,Sparkling Crystal #680,$1.00
11519475,Pokemon Japanese Start Deck 100 Battle Collection,Sparkling Crystal [Mirror Holo] #680,
11462894,Pokemon Japanese Start Deck 100 Battle Collection,Spearow #557,$3.00
11519474,Pokemon Japanese Start Deck 100 Battle Collection,Spearow [Mirror Holo] #557,
11462459,Pokemon Japanese Start Deck 100 Battle Collection,Spheal #188,$1.40
11519476,Pokemon Japanese Start Deck 100 Battle Collection,Spheal [Mirror Holo] #188,
11463072,Pokemon Japanese Start Deck 100 Battle Collection,Spiky Energy #737,$0.50
11519477,Pokemon Japanese Start Deck 100 Battle Collection,Spiky Energy [Mirror Holo] #737,
11462794,Pokemon Japanese Start Deck 100 Battle Collection,Spiritomb #455,$1.00
11519478,Pokemon Japanese Start Deck 100 Battle Collection,Spiritomb [Mirror Holo] #455,
11462607,Pokemon Japanese Start Deck 100 Battle Collection,Spoink #305,$1.77
11519479,Pokemon Japanese Start Deck 100 Battle Collection,Spoink [Mirror Holo] #305,
11462508,Pokemon Japanese Start Deck 100 Battle Collection,Sprigatito #65,$2.46
11519480,Pokemon Japanese Start Deck 100 Battle Collection,Sprigatito [Mirror Holo] #65,
11462510,Pokemon Japanese Start Deck 100 Battle Collection,Sprigatito ex #68,$2.34
11463093,Pokemon Japanese Start Deck 100 Battle Collection,Sprigatito ex #757,$20.49
11519735,Pokemon Japanese Start Deck 100 Battle Collection,Sprigatito ex [Mirror Holo] #68,
11519628,Pokemon Japanese Start Deck 100 Battle Collection,Sprigatito ex [Mirror Holo] #757,
11462961,Pokemon Japanese Start Deck 100 Battle Collection,Squawkabilly #626,$1.00
11519482,Pokemon Japanese Start Deck 100 Battle Collection,Squawkabilly [Mirror Holo] #626,$1.00
11462831,Pokemon Japanese Start Deck 100 Battle Collection,Steven's Skarmory #494,$1.64
11519481,Pokemon Japanese Start Deck 100 Battle Collection,Steven's Skarmory [Mirror Holo] #494,
11462751,Pokemon Japanese Start Deck 100 Battle Collection,Stonjourner #414,
11519483,Pokemon Japanese Start Deck 100 Battle Collection,Stonjourner [Mirror Holo] #414,
11462968,Pokemon Japanese Start Deck 100 Battle Collection,Strange Timepiece #632,$2.73
11519484,Pokemon Japanese Start Deck 100 Battle Collection,Strange Timepiece [Mirror Holo] #632,
11462952,Pokemon Japanese Start Deck 100 Battle Collection,Stufful #616,$1.69
11519485,Pokemon Japanese Start Deck 100 Battle Collection,Stufful [Mirror Holo] #616,
11462734,Pokemon Japanese Start Deck 100 Battle Collection,Stunfisk ex #394,$2.01
11463095,Pokemon Japanese Start Deck 100 Battle Collection,Stunfisk ex #758,$5.00
11519630,Pokemon Japanese Start Deck 100 Battle Collection,Stunfisk ex [Mirror Holo] #394,$2.00
11519632,Pokemon Japanese Start Deck 100 Battle Collection,Stunfisk ex [Mirror Holo] #758,
11462433,Pokemon Japanese Start Deck 100 Battle Collection,Suicune #174,$1.50
11519486,Pokemon Japanese Start Deck 100 Battle Collection,Suicune [Mirror Holo] #174,
11462970,Pokemon Japanese Start Deck 100 Battle Collection,Super Potion #634,
11519487,Pokemon Japanese Start Deck 100 Battle Collection,Super Potion [Mirror Holo] #634,
11463022,Pokemon Japanese Start Deck 100 Battle Collection,Surfer #708,$1.50
11519488,Pokemon Japanese Start Deck 100 Battle Collection,Surfer [Mirror Holo] #708,
11462476,Pokemon Japanese Start Deck 100 Battle Collection,Swanna #198,
11519489,Pokemon Japanese Start Deck 100 Battle Collection,Swanna [Mirror Holo] #198,
11462918,Pokemon Japanese Start Deck 100 Battle Collection,Swellow #580,$1.20
11519490,Pokemon Japanese Start Deck 100 Battle Collection,Swellow [Mirror Holo] #580,
11462701,Pokemon Japanese Start Deck 100 Battle Collection,Swinub #362,$1.64
11519495,Pokemon Japanese Start Deck 100 Battle Collection,Swinub [Mirror Holo] #362,
11462672,Pokemon Japanese Start Deck 100 Battle Collection,Swirlix #333,$1.50
11519491,Pokemon Japanese Start Deck 100 Battle Collection,Swirlix [Mirror Holo] #333,
11462999,Pokemon Japanese Start Deck 100 Battle Collection,Switch #663,$1.77
11519492,Pokemon Japanese Start Deck 100 Battle Collection,Switch [Mirror Holo] #663,$0.50
11462670,Pokemon Japanese Start Deck 100 Battle Collection,Sylveon ex #299,$3.13
11519634,Pokemon Japanese Start Deck 100 Battle Collection,Sylveon ex [Mirror Holo] #299,$4.99
11462621,Pokemon Japanese Start Deck 100 Battle Collection,Tadbulb #271,$1.64
11519494,Pokemon Japanese Start Deck 100 Battle Collection,Tadbulb [Mirror Holo] #271,
11462916,Pokemon Japanese Start Deck 100 Battle Collection,Taillow #579,
11519493,Pokemon Japanese Start Deck 100 Battle Collection,Taillow [Mirror Holo] #579,
11462422,Pokemon Japanese Start Deck 100 Battle Collection,Tangela #12,$1.63
11519497,Pokemon Japanese Start Deck 100 Battle Collection,Tangela [Mirror Holo] #12,
11462424,Pokemon Japanese Start Deck 100 Battle Collection,Tangrowth #13,$1.50
11519496,Pokemon Japanese Start Deck 100 Battle Collection,Tangrowth [Mirror Holo] #13,
11462504,Pokemon Japanese Start Deck 100 Battle Collection,Tapu Bulu #61,$0.50
11519498,Pokemon Japanese Start Deck 100 Battle Collection,Tapu Bulu [Mirror Holo] #61,
11462613,Pokemon Japanese Start Deck 100 Battle Collection,Tapu Koko #265,$3.15
11519500,Pokemon Japanese Start Deck 100 Battle Collection,Tapu Koko [Mirror Holo] #265,
11462681,Pokemon Japanese Start Deck 100 Battle Collection,Tapu Lele #342,$1.50
11519499,Pokemon Japanese Start Deck 100 Battle Collection,Tapu Lele [Mirror Holo] #342,
11462886,Pokemon Japanese Start Deck 100 Battle Collection,Tatsugiri #549,$1.94
11519502,Pokemon Japanese Start Deck 100 Battle Collection,Tatsugiri [Mirror Holo] #549,$12.00
11462900,Pokemon Japanese Start Deck 100 Battle Collection,Tauros #563,
11519501,Pokemon Japanese Start Deck 100 Battle Collection,Tauros [Mirror Holo] #563,$2.00
11462526,Pokemon Japanese Start Deck 100 Battle Collection,Teal Mask Ogerpon #80,$0.50
11462527,Pokemon Japanese Start Deck 100 Battle Collection,Teal Mask Ogerpon #81,$2.01
11519504,Pokemon Japanese Start Deck 100 Battle Collection,Teal Mask Ogerpon [Mirror Holo] #80,$2.00
11519503,Pokemon Japanese Start Deck 100 Battle Collection,Teal Mask Ogerpon [Mirror Holo] #81,
11462528,Pokemon Japanese Start Deck 100 Battle Collection,Teal Mask Ogerpon ex #82,$5.05
11519737,Pokemon Japanese Start Deck 100 Battle Collection,Teal Mask Ogerpon ex [Mirror Holo] #82,
11463068,Pokemon Japanese Start Deck 100 Battle Collection,Team Rocket's Archer #732,
11519505,Pokemon Japanese Start Deck 100 Battle Collection,Team Rocket's Archer [Mirror Holo] #732,
11463066,Pokemon Japanese Start Deck 100 Battle Collection,Team Rocket's Ariana #731,
11519506,Pokemon Japanese Start Deck 100 Battle Collection,Team Rocket's Ariana [Mirror Holo] #731,
11462777,Pokemon Japanese Start Deck 100 Battle Collection,Team Rocket's Crobat ex #440,$1.58
11519637,Pokemon Japanese Start Deck 100 Battle Collection,Team Rocket's Crobat ex [Mirror Holo] #440,$5.00
11462651,Pokemon Japanese Start Deck 100 Battle Collection,Team Rocket's Drowzee #288,$1.00
11519507,Pokemon Japanese Start Deck 100 Battle Collection,Team Rocket's Drowzee [Mirror Holo] #288,
11463077,Pokemon Japanese Start Deck 100 Battle Collection,Team Rocket's Energy #742,
11519508,Pokemon Japanese Start Deck 100 Battle Collection,Team Rocket's Energy [Mirror Holo] #742,
11463070,Pokemon Japanese Start Deck 100 Battle Collection,Team Rocket's Giovanni #733,$2.64
11519509,Pokemon Japanese Start Deck 100 Battle Collection,Team Rocket's Giovanni [Mirror Holo] #733,
11462776,Pokemon Japanese Start Deck 100 Battle Collection,Team Rocket's Golbat #439,$2.02
11519510,Pokemon Japanese Start Deck 100 Battle Collection,Team Rocket's Golbat [Mirror Holo] #439,
11463009,Pokemon Japanese Start Deck 100 Battle Collection,Team Rocket's Great Ball #673,
11519511,Pokemon Japanese Start Deck 100 Battle Collection,Team Rocket's Great Ball [Mirror Holo] #673,
11462560,Pokemon Japanese Start Deck 100 Battle Collection,Team Rocket's Houndoom #100,$2.00
11519512,Pokemon Japanese Start Deck 100 Battle Collection,Team Rocket's Houndoom [Mirror Holo] #100,
11462553,Pokemon Japanese Start Deck 100 Battle Collection,Team Rocket's Houndour #99,$1.00
11519615,Pokemon Japanese Start Deck 100 Battle Collection,Team Rocket's Houndour [Mirror Holo] #99,
11462650,Pokemon Japanese Start Deck 100 Battle Collection,Team Rocket's Hypno #289,
11519513,Pokemon Japanese Start Deck 100 Battle Collection,Team Rocket's Hypno [Mirror Holo] #289,
11462896,Pokemon Japanese Start Deck 100 Battle Collection,Team Rocket's Meowth #559,$3.18
11519515,Pokemon Japanese Start Deck 100 Battle Collection,Team Rocket's Meowth [Mirror Holo] #559,
11462652,Pokemon Japanese Start Deck 100 Battle Collection,Team Rocket's Mewtwo ex #290,$6.42
11519639,Pokemon Japanese Start Deck 100 Battle Collection,Team Rocket's Mewtwo ex [Mirror Holo] #290,
11462680,Pokemon Japanese Start Deck 100 Battle Collection,Team Rocket's Mimikyu #341,$3.42
11519516,Pokemon Japanese Start Deck 100 Battle Collection,Team Rocket's Mimikyu [Mirror Holo] #341,
11462784,Pokemon Japanese Start Deck 100 Battle Collection,Team Rocket's Murkrow #447,$1.83
11519517,Pokemon Japanese Start Deck 100 Battle Collection,Team Rocket's Murkrow [Mirror Holo] #447,
11462773,Pokemon Japanese Start Deck 100 Battle Collection,Team Rocket's Nidoking  ex #437,$2.40
11519641,Pokemon Japanese Start Deck 100 Battle Collection,Team Rocket's Nidoking  ex [Mirror Holo] #437,$17.00
11462771,Pokemon Japanese Start Deck 100 Battle Collection,Team Rocket's Nidoqueen #434,$1.94
11519518,Pokemon Japanese Start Deck 100 Battle Collection,Team Rocket's Nidoqueen [Mirror Holo] #434,
11462769,Pokemon Japanese Start Deck 100 Battle Collection,Team Rocket's Nidoran #432,
11462774,Pokemon Japanese Start Deck 100 Battle Collection,Team Rocket's Nidoran #435,$1.75
11519519,Pokemon Japanese Start Deck 100 Battle Collection,Team Rocket's Nidoran [Mirror Holo] #432,
11519520,Pokemon Japanese Start Deck 100 Battle Collection,Team Rocket's Nidoran [Mirror Holo] #435,
11462770,Pokemon Japanese Start Deck 100 Battle Collection,Team Rocket's Nidorina #433,$1.75
11519521,Pokemon Japanese Start Deck 100 Battle Collection,Team Rocket's Nidorina [Mirror Holo] #433,
11462772,Pokemon Japanese Start Deck 100 Battle Collection,Team Rocket's Nidorino #436,$0.25
11519522,Pokemon Japanese Start Deck 100 Battle Collection,Team Rocket's Nidorino [Mirror Holo] #436,
11462897,Pokemon Japanese Start Deck 100 Battle Collection,Team Rocket's Persian ex #560,$1.90
11519646,Pokemon Japanese Start Deck 100 Battle Collection,Team Rocket's Persian ex [Mirror Holo] #560,
11463069,Pokemon Japanese Start Deck 100 Battle Collection,Team Rocket's Petrel #734,$0.25
11519523,Pokemon Japanese Start Deck 100 Battle Collection,Team Rocket's Petrel [Mirror Holo] #734,
11463071,Pokemon Japanese Start Deck 100 Battle Collection,Team Rocket's Proton #735,
11519525,Pokemon Japanese Start Deck 100 Battle Collection,Team Rocket's Proton [Mirror Holo] #735,
11462893,Pokemon Japanese Start Deck 100 Battle Collection,Team Rocket's Raticate #556,$3.00
11519524,Pokemon Japanese Start Deck 100 Battle Collection,Team Rocket's Raticate [Mirror Holo] #556,
11462892,Pokemon Japanese Start Deck 100 Battle Collection,Team Rocket's Rattata #555,$1.00
11519526,Pokemon Japanese Start Deck 100 Battle Collection,Team Rocket's Rattata [Mirror Holo] #555,
11462786,Pokemon Japanese Start Deck 100 Battle Collection,Team Rocket's Sneasel #448,$0.50
11519527,Pokemon Japanese Start Deck 100 Battle Collection,Team Rocket's Sneasel [Mirror Holo] #448,
11463011,Pokemon Japanese Start Deck 100 Battle Collection,Team Rocket's Transceiver #675,
11519528,Pokemon Japanese Start Deck 100 Battle Collection,Team Rocket's Transceiver [Mirror Holo] #675,
11463010,Pokemon Japanese Start Deck 100 Battle Collection,Team Rocket's Venture Bomb #674,
11519529,Pokemon Japanese Start Deck 100 Battle Collection,Team Rocket's Venture Bomb [Mirror Holo] #674,
11462775,Pokemon Japanese Start Deck 100 Battle Collection,Team Rocket's Zubat #438,$0.25
11519531,Pokemon Japanese Start Deck 100 Battle Collection,Team Rocket's Zubat [Mirror Holo] #438,
11462354,Pokemon Japanese Start Deck 100 Battle Collection,Tepig #108,$1.61
11462355,Pokemon Japanese Start Deck 100 Battle Collection,Tepig #109,$1.63
11519530,Pokemon Japanese Start Deck 100 Battle Collection,Tepig [Mirror Holo] #108,
11519532,Pokemon Japanese Start Deck 100 Battle Collection,Tepig [Mirror Holo] #109,
11462965,Pokemon Japanese Start Deck 100 Battle Collection,Terapagos #629,$1.76
11519533,Pokemon Japanese Start Deck 100 Battle Collection,Terapagos [Mirror Holo] #629,
11462966,Pokemon Japanese Start Deck 100 Battle Collection,Terapagos ex #630,$4.80
11519644,Pokemon Japanese Start Deck 100 Battle Collection,Terapagos ex [Mirror Holo] #630,
11462598,Pokemon Japanese Start Deck 100 Battle Collection,Thundurus #258,$1.50
11519534,Pokemon Japanese Start Deck 100 Battle Collection,Thundurus [Mirror Holo] #258,
11462727,Pokemon Japanese Start Deck 100 Battle Collection,Timburr #388,$2.00
11519535,Pokemon Japanese Start Deck 100 Battle Collection,Timburr [Mirror Holo] #388,
11462865,Pokemon Japanese Start Deck 100 Battle Collection,Tinkatink #528,$2.14
11519536,Pokemon Japanese Start Deck 100 Battle Collection,Tinkatink [Mirror Holo] #528,
11462866,Pokemon Japanese Start Deck 100 Battle Collection,Tinkaton #530,$1.50
11519537,Pokemon Japanese Start Deck 100 Battle Collection,Tinkaton [Mirror Holo] #530,
11462867,Pokemon Japanese Start Deck 100 Battle Collection,Tinkatuff #529,$1.50
11519539,Pokemon Japanese Start Deck 100 Battle Collection,Tinkatuff [Mirror Holo] #529,
11462516,Pokemon Japanese Start Deck 100 Battle Collection,Toedscool #74,$1.50
11519538,Pokemon Japanese Start Deck 100 Battle Collection,Toedscool [Mirror Holo] #74,
11462517,Pokemon Japanese Start Deck 100 Battle Collection,Toedscruel #75,$0.25
11519540,Pokemon Japanese Start Deck 100 Battle Collection,Toedscruel [Mirror Holo] #75,
11462610,Pokemon Japanese Start Deck 100 Battle Collection,Togedemaru #264,$2.00
11519541,Pokemon Japanese Start Deck 100 Battle Collection,Togedemaru [Mirror Holo] #264,$1.00
11462851,Pokemon Japanese Start Deck 100 Battle Collection,Togedemaru ex #514,$1.87
11519647,Pokemon Japanese Start Deck 100 Battle Collection,Togedemaru ex [Mirror Holo] #514,
11462656,Pokemon Japanese Start Deck 100 Battle Collection,Togekiss #293,$2.43
11519542,Pokemon Japanese Start Deck 100 Battle Collection,Togekiss [Mirror Holo] #293,
11462658,Pokemon Japanese Start Deck 100 Battle Collection,Togepi #291,$1.50
11519543,Pokemon Japanese Start Deck 100 Battle Collection,Togepi [Mirror Holo] #291,
11462654,Pokemon Japanese Start Deck 100 Battle Collection,Togetic #292,$1.49
11519546,Pokemon Japanese Start Deck 100 Battle Collection,Togetic [Mirror Holo] #292,
11462347,Pokemon Japanese Start Deck 100 Battle Collection,Torkoal #101,$1.81
11519544,Pokemon Japanese Start Deck 100 Battle Collection,Torkoal [Mirror Holo] #101,$3.00
11462946,Pokemon Japanese Start Deck 100 Battle Collection,Tornadus #610,
11519545,Pokemon Japanese Start Deck 100 Battle Collection,Tornadus [Mirror Holo] #610,
11462377,Pokemon Japanese Start Deck 100 Battle Collection,Torracat #131,$1.49
11519547,Pokemon Japanese Start Deck 100 Battle Collection,Torracat [Mirror Holo] #131,
11462473,Pokemon Japanese Start Deck 100 Battle Collection,Torterra ex #36,$1.50
11519651,Pokemon Japanese Start Deck 100 Battle Collection,Torterra ex [Mirror Holo] #36,
11462417,Pokemon Japanese Start Deck 100 Battle Collection,Totodile #164,$2.03
11462419,Pokemon Japanese Start Deck 100 Battle Collection,Totodile #165,$2.46
11519548,Pokemon Japanese Start Deck 100 Battle Collection,Totodile [Mirror Holo] #164,
11519549,Pokemon Japanese Start Deck 100 Battle Collection,Totodile [Mirror Holo] #165,$10.00
11462722,Pokemon Japanese Start Deck 100 Battle Collection,Toxicroak #383,$1.80
11462723,Pokemon Japanese Start Deck 100 Battle Collection,Toxicroak #384,$1.77
11519550,Pokemon Japanese Start Deck 100 Battle Collection,Toxicroak [Mirror Holo] #383,
11519551,Pokemon Japanese Start Deck 100 Battle Collection,Toxicroak [Mirror Holo] #384,
11462935,Pokemon Japanese Start Deck 100 Battle Collection,Tranquill #599,
11519552,Pokemon Japanese Start Deck 100 Battle Collection,Tranquill [Mirror Holo] #599,
11462497,Pokemon Japanese Start Deck 100 Battle Collection,Trevenant #56,
11519553,Pokemon Japanese Start Deck 100 Battle Collection,Trevenant [Mirror Holo] #56,
11462925,Pokemon Japanese Start Deck 100 Battle Collection,Tropius #589,$1.50
11519554,Pokemon Japanese Start Deck 100 Battle Collection,Tropius [Mirror Holo] #589,
11462804,Pokemon Japanese Start Deck 100 Battle Collection,Trubbish #465,$2.01
11519555,Pokemon Japanese Start Deck 100 Battle Collection,Trubbish [Mirror Holo] #465,
11462382,Pokemon Japanese Start Deck 100 Battle Collection,Turtonator #136,$8.00
11519556,Pokemon Japanese Start Deck 100 Battle Collection,Turtonator [Mirror Holo] #136,
11462468,Pokemon Japanese Start Deck 100 Battle Collection,Turtwig #34,$1.45
11519557,Pokemon Japanese Start Deck 100 Battle Collection,Turtwig [Mirror Holo] #34,
11462596,Pokemon Japanese Start Deck 100 Battle Collection,Tynamo #256,$1.50
11519558,Pokemon Japanese Start Deck 100 Battle Collection,Tynamo [Mirror Holo] #256,
11462987,Pokemon Japanese Start Deck 100 Battle Collection,Ultra Ball #651,$1.65
11519560,Pokemon Japanese Start Deck 100 Battle Collection,Ultra Ball [Mirror Holo] #651,$1.00
11462783,Pokemon Japanese Start Deck 100 Battle Collection,Umbreon ex #446,$9.27
11519654,Pokemon Japanese Start Deck 100 Battle Collection,Umbreon ex [Mirror Holo] #446,$20.00
11462969,Pokemon Japanese Start Deck 100 Battle Collection,Unfair Stamp #633,$1.00
11519564,Pokemon Japanese Start Deck 100 Battle Collection,Unfair Stamp [Mirror Holo] #633,
11462936,Pokemon Japanese Start Deck 100 Battle Collection,Unfezant #600,
11519559,Pokemon Japanese Start Deck 100 Battle Collection,Unfezant [Mirror Holo] #600,
11463016,Pokemon Japanese Start Deck 100 Battle Collection,Urbain #702,$1.77
11519561,Pokemon Japanese Start Deck 100 Battle Collection,Urbain [Mirror Holo] #702,$0.50
11462625,Pokemon Japanese Start Deck 100 Battle Collection,Uxie #314,$2.90
11519562,Pokemon Japanese Start Deck 100 Battle Collection,Uxie [Mirror Holo] #314,
11462479,Pokemon Japanese Start Deck 100 Battle Collection,Vanillish #200,$2.00
11519563,Pokemon Japanese Start Deck 100 Battle Collection,Vanillish [Mirror Holo] #200,
11462478,Pokemon Japanese Start Deck 100 Battle Collection,Vanillite #199,$2.00
11519565,Pokemon Japanese Start Deck 100 Battle Collection,Vanillite [Mirror Holo] #199,
11462520,Pokemon Japanese Start Deck 100 Battle Collection,Vanilluxe #201,
11519566,Pokemon Japanese Start Deck 100 Battle Collection,Vanilluxe [Mirror Holo] #201,
11463108,Pokemon Japanese Start Deck 100 Battle Collection,Vaporeon ex #161,$2.81
11519656,Pokemon Japanese Start Deck 100 Battle Collection,Vaporeon ex [Mirror Holo] #161,
11462869,Pokemon Japanese Start Deck 100 Battle Collection,Varoom #531,$1.64
11519567,Pokemon Japanese Start Deck 100 Battle Collection,Varoom [Mirror Holo] #531,
11462558,Pokemon Japanese Start Deck 100 Battle Collection,Veluza #219,
11519568,Pokemon Japanese Start Deck 100 Battle Collection,Veluza [Mirror Holo] #219,
11462796,Pokemon Japanese Start Deck 100 Battle Collection,Venipede #460,$2.63
11519569,Pokemon Japanese Start Deck 100 Battle Collection,Venipede [Mirror Holo] #460,
11462352,Pokemon Japanese Start Deck 100 Battle Collection,Victini #106,$1.72
11462353,Pokemon Japanese Start Deck 100 Battle Collection,Victini #107,$1.70
11519570,Pokemon Japanese Start Deck 100 Battle Collection,Victini [Mirror Holo] #106,
11519571,Pokemon Japanese Start Deck 100 Battle Collection,Victini [Mirror Holo] #107,$8.00
11462919,Pokemon Japanese Start Deck 100 Battle Collection,Vigoroth #582,$1.95
11519572,Pokemon Japanese Start Deck 100 Battle Collection,Vigoroth [Mirror Holo] #582,
11462603,Pokemon Japanese Start Deck 100 Battle Collection,Vikavolt #263,
11463083,Pokemon Japanese Start Deck 100 Battle Collection,Vikavolt #747,$16.12
11519573,Pokemon Japanese Start Deck 100 Battle Collection,Vikavolt [Mirror Holo] #263,
11519574,Pokemon Japanese Start Deck 100 Battle Collection,Vikavolt [Mirror Holo] #747,
11462494,Pokemon Japanese Start Deck 100 Battle Collection,Virizion #53,
11462498,Pokemon Japanese Start Deck 100 Battle Collection,Virizion #54,
11519575,Pokemon Japanese Start Deck 100 Battle Collection,Virizion [Mirror Holo] #53,
11519577,Pokemon Japanese Start Deck 100 Battle Collection,Virizion [Mirror Holo] #54,
11462375,Pokemon Japanese Start Deck 100 Battle Collection,Volcanion ex #129,$2.00
11519658,Pokemon Japanese Start Deck 100 Battle Collection,Volcanion ex [Mirror Holo] #129,$2.00
11462368,Pokemon Japanese Start Deck 100 Battle Collection,Volcarona #122,$1.50
11462369,Pokemon Japanese Start Deck 100 Battle Collection,Volcarona #123,$1.59
11462370,Pokemon Japanese Start Deck 100 Battle Collection,Volcarona #124,$1.77
11519576,Pokemon Japanese Start Deck 100 Battle Collection,Volcarona [Mirror Holo] #122,
11519578,Pokemon Japanese Start Deck 100 Battle Collection,Volcarona [Mirror Holo] #123,
11519579,Pokemon Japanese Start Deck 100 Battle Collection,Volcarona [Mirror Holo] #124,
11462573,Pokemon Japanese Start Deck 100 Battle Collection,Voltorb ex #233,$1.01
11519659,Pokemon Japanese Start Deck 100 Battle Collection,Voltorb ex [Mirror Holo] #233,$2.00
11462813,Pokemon Japanese Start Deck 100 Battle Collection,Vullaby #474,$1.77
11519580,Pokemon Japanese Start Deck 100 Battle Collection,Vullaby [Mirror Holo] #474,
11462443,Pokemon Japanese Start Deck 100 Battle Collection,Wailmer #180,$1.50
11519581,Pokemon Japanese Start Deck 100 Battle Collection,Wailmer [Mirror Holo] #180,
11462444,Pokemon Japanese Start Deck 100 Battle Collection,Wailord #181,$1.40
11519582,Pokemon Japanese Start Deck 100 Battle Collection,Wailord [Mirror Holo] #181,
11463067,Pokemon Japanese Start Deck 100 Battle Collection,Waitress #700,$1.49
11519583,Pokemon Japanese Start Deck 100 Battle Collection,Waitress [Mirror Holo] #700,
11462562,Pokemon Japanese Start Deck 100 Battle Collection,Walking Wake #221,$2.15
11519584,Pokemon Japanese Start Deck 100 Battle Collection,Walking Wake [Mirror Holo] #221,
11462561,Pokemon Japanese Start Deck 100 Battle Collection,Walking Wake ex #222,$1.50
11519661,Pokemon Japanese Start Deck 100 Battle Collection,Walking Wake ex [Mirror Holo] #222,
11462460,Pokemon Japanese Start Deck 100 Battle Collection,Walrein #190,$0.25
11519588,Pokemon Japanese Start Deck 100 Battle Collection,Walrein [Mirror Holo] #190,
11462630,Pokemon Japanese Start Deck 100 Battle Collection,Wattrel #275,
11519585,Pokemon Japanese Start Deck 100 Battle Collection,Wattrel [Mirror Holo] #275,
11462430,Pokemon Japanese Start Deck 100 Battle Collection,Weavile #171,$2.08
11463082,Pokemon Japanese Start Deck 100 Battle Collection,Weavile #746,$24.50
11519586,Pokemon Japanese Start Deck 100 Battle Collection,Weavile [Mirror Holo] #171,
11519587,Pokemon Japanese Start Deck 100 Battle Collection,Weavile [Mirror Holo] #746,
11462565,Pokemon Japanese Start Deck 100 Battle Collection,Wellspring Mask Ogerpon #223,$2.66
11519591,Pokemon Japanese Start Deck 100 Battle Collection,Wellspring Mask Ogerpon [Mirror Holo] #223,
11462567,Pokemon Japanese Start Deck 100 Battle Collection,Wellspring Mask Ogerpon ex #224,$9.25
11519664,Pokemon Japanese Start Deck 100 Battle Collection,Wellspring Mask Ogerpon ex [Mirror Holo] #224,
11462486,Pokemon Japanese Start Deck 100 Battle Collection,Whimsicott ex #44,$1.64
11519665,Pokemon Japanese Start Deck 100 Battle Collection,Whimsicott ex [Mirror Holo] #44,
11462798,Pokemon Japanese Start Deck 100 Battle Collection,Whirlipede #461,$1.20
11519590,Pokemon Japanese Start Deck 100 Battle Collection,Whirlipede [Mirror Holo] #461,
11462673,Pokemon Japanese Start Deck 100 Battle Collection,Xerneas #335,$1.50
11519589,Pokemon Japanese Start Deck 100 Battle Collection,Xerneas [Mirror Holo] #335,
11463018,Pokemon Japanese Start Deck 100 Battle Collection,Xerosic's Machinations #705,$0.25
11519592,Pokemon Japanese Start Deck 100 Battle Collection,Xerosic's Machinations [Mirror Holo] #705,
11462640,Pokemon Japanese Start Deck 100 Battle Collection,Yamask #319,$2.00
11462644,Pokemon Japanese Start Deck 100 Battle Collection,Yamask #320,$1.77
11519593,Pokemon Japanese Start Deck 100 Battle Collection,Yamask [Mirror Holo] #319,
11519594,Pokemon Japanese Start Deck 100 Battle Collection,Yamask [Mirror Holo] #320,
11462616,Pokemon Japanese Start Deck 100 Battle Collection,Yamper #268,$1.49
11519595,Pokemon Japanese Start Deck 100 Battle Collection,Yamper [Mirror Holo] #268,
11463107,Pokemon Japanese Start Deck 100 Battle Collection,Yanma #21,$0.25
11519599,Pokemon Japanese Start Deck 100 Battle Collection,Yanma [Mirror Holo] #21,
11462445,Pokemon Japanese Start Deck 100 Battle Collection,Yanmega ex #22,$1.50
11519667,Pokemon Japanese Start Deck 100 Battle Collection,Yanmega ex [Mirror Holo] #22,
11462817,Pokemon Japanese Start Deck 100 Battle Collection,Yveltal #480,$0.94
11462818,Pokemon Japanese Start Deck 100 Battle Collection,Yveltal #481,$4.24
11519596,Pokemon Japanese Start Deck 100 Battle Collection,Yveltal [Mirror Holo] #480,
11519597,Pokemon Japanese Start Deck 100 Battle Collection,Yveltal [Mirror Holo] #481,
11462923,Pokemon Japanese Start Deck 100 Battle Collection,Zangoose #587,$2.22
11519601,Pokemon Japanese Start Deck 100 Battle Collection,Zangoose [Mirror Holo] #587,$1.00
11462924,Pokemon Japanese Start Deck 100 Battle Collection,Zangoose ex #588,$1.64
11519669,Pokemon Japanese Start Deck 100 Battle Collection,Zangoose ex [Mirror Holo] #588,$2.00
11462582,Pokemon Japanese Start Deck 100 Battle Collection,Zapdos #239,$1.73
11462579,Pokemon Japanese Start Deck 100 Battle Collection,Zapdos #240,$2.14
11519600,Pokemon Japanese Start Deck 100 Battle Collection,Zapdos [Mirror Holo] #239,
11519598,Pokemon Japanese Start Deck 100 Battle Collection,Zapdos [Mirror Holo] #240,
11462592,Pokemon Japanese Start Deck 100 Battle Collection,Zebstrika #251,$1.50
11462591,Pokemon Japanese Start Deck 100 Battle Collection,Zebstrika #252,$1.50
11519603,Pokemon Japanese Start Deck 100 Battle Collection,Zebstrika [Mirror Holo] #251,
11519602,Pokemon Japanese Start Deck 100 Battle Collection,Zebstrika [Mirror Holo] #252,
11462599,Pokemon Japanese Start Deck 100 Battle Collection,Zekrom ex #259,$1.53
11519671,Pokemon Japanese Start Deck 100 Battle Collection,Zekrom ex [Mirror Holo] #259,
11462615,Pokemon Japanese Start Deck 100 Battle Collection,Zeraora #266,$1.20
11462618,Pokemon Japanese Start Deck 100 Battle Collection,Zeraora #267,$2.00
11519604,Pokemon Japanese Start Deck 100 Battle Collection,Zeraora [Mirror Holo] #266,
11519605,Pokemon Japanese Start Deck 100 Battle Collection,Zeraora [Mirror Holo] #267,
11462805,Pokemon Japanese Start Deck 100 Battle Collection,Zoroark #468,$1.35
11519606,Pokemon Japanese Start Deck 100 Battle Collection,Zoroark [Mirror Holo] #468,
11462803,Pokemon Japanese Start Deck 100 Battle Collection,Zorua #467,$1.76
11519607,Pokemon Japanese Start Deck 100 Battle Collection,Zorua [Mirror Holo] #467,
11462814,Pokemon Japanese Start Deck 100 Battle Collection,Zweilous #477,$1.49
11519608,Pokemon Japanese Start Deck 100 Battle Collection,Zweilous [Mirror Holo] #477,
